ticker,p1_date,p1_price,low1_date,low1_price,p2_date,p2_price,low2_date,low2_price,y_shape,y_breakout,y_reachtarget,p1_trading_date,p2_trading_date,low1_trading_date,low2_trading_date,p1_idx,p2_idx,low1_idx,low2_idx,p1p2_trading_days,neckline_slope_per_day,drop1_norm,rise1_norm,drop2_norm,trough_sim,spread_t,p1_to_l1_t,l1_to_p2_t,p2_to_l2_t,rsi_p2,rsi_l2,vol_ratio_p2,vol_ratio_l2,px_vs_ma20_p2,px_vs_ma20_l2,px_vs_ma50_l2,regime_trend,regime_volatility,regime_volume,regime_strength,volume_accumulation_ratio,volume_confirmation_ratio,volume_trend_slope,volume_consistency,volume_momentum,pattern_duration_balance,pattern_trough_consistency,pattern_peak_relationship,pattern_clarity,pattern_amplitude_balance,market_position,trend_context,volatility_context,support_strength
ADSK,2025-02-28,279.42,2025-03-13,251.85,2025-03-26,271.71,2025-04-07,237.63,1,1,1,2025-02-28,2025-03-26,2025-03-13,2025-04-07,137,155,146,163,18,-0.42833333333333534,-0.11602070445650803,0.0835753061482134,-0.14341623532382264,0.05646217986896962,0.18888888888888888,0.1,0.1,0.08888888888888889,49.799808550011555,30.802127754711833,0.49961139304164953,2.0162146862573107,0.0286197322630668,-0.0654334740579875,-0.12660156265885558,0.9585298051204172,0.13953503273072276,-0.01134072304160949,0.7615341209718084,1.056768589058568,1.2440506969101544,-0.030498471465068032,0.6052499624149593,0.4573867880083191,0.4923076923076924,0.9435378201310304,0.9724071290530383,0.30748977168207137,0.8805908478944268,-0.5503298264980176,0.0003781566127909201,-0.18413940230233206,0.0
AEO,2024-07-31,22.48,2024-08-05,18.79,2024-08-27,22.7,2024-09-09,18.84,0,0,0,2024-07-31,2024-08-27,2024-08-05,2024-09-09,136,155,139,163,19,0.011578947368420993,-0.19638105375199588,0.20808940926024477,-0.2054284193720064,0.0026609898882384627,0.26666666666666666,0.03333333333333333,0.17777777777777778,0.08888888888888889,61.525450561856886,37.52990213919662,1.2883665056878748,0.9773481376014255,0.0696196349508087,-0.09318695027750223,-0.08287648963245398,0.0009988817221591216,0.11215558584816754,-0.00026412868566449976,0.06205974086570214,0.7004398338599438,1.2117822544056607,0.014841339750931364,0.7262711914636719,-0.0071591659113805495,0.8074074074074074,0.9973460721868365,1.0097864768683273,0.0,0.9823509198655065,-0.04988106732608772,-0.0019417130942823671,-0.41874322377376993,0.6
AMC,2025-05-30,3.56,2025-07-01,2.82,2025-07-21,3.56,2025-08-06,2.78,0,0,0,2025-05-30,2025-07-21,2025-07-01,2025-08-06,136,170,157,182,34,0.0,-0.26618705035971235,0.26618705035971235,-0.28057553956834536,0.014184397163120581,0.2777777777777778,0.23333333333333334,0.14444444444444443,0.13333333333333333,60.50221516467484,35.9587657440658,1.0300576453169132,0.7342400554571339,0.11164972197173095,-0.11997467887502133,-0.12319435825693947,0.001610780799998185,-0.3204117467795409,0.0036192552017901836,0.2063956521778557,1.3792974622186291,0.8274573126777999,0.007163200755086951,0.6475792406616377,-0.18160831240680997,0.3652173913043479,0.9858156028368794,1.0,0.0,0.9736842105263158,0.1964285182101407,-0.0025801919985436483,-0.3592172335101448,1.0
AMD,2025-02-20,114.17,2025-03-04,96.0,2025-03-25,114.81,2025-04-08,78.21,1,1,1,2025-02-20,2025-03-25,2025-03-04,2025-04-08,136,159,144,169,23,0.027826086956521764,-0.2323232323232325,0.24050632911392422,-0.4679708477176834,0.18531250000000007,0.2777777777777778,0.08888888888888889,0.16666666666666666,0.1111111111111111,63.16497220587726,23.009742128267902,0.8209593005774031,1.8245807991280873,0.11805231949939143,-0.22808542468559778,-0.25906488147535756,0.19748379286635936,0.39907656799763247,0.010754573841500026,0.48732122399623146,0.8229169112020339,1.0153605199776015,0.008810242264107603,0.7658707273324784,0.20606766057590997,0.709090909090909,0.8146874999999999,1.0056056757466936,0.4502733574538935,0.6659827733394041,-0.4444114772291667,-0.004425279808486399,-0.5635762325728483,0.0
AMGN,2025-02-06,309.49,2025-02-11,290.56,2025-02-25,315.63,2025-02-27,305.3,0,0,0,2025-02-06,2025-02-25,2025-02-11,2025-02-27,137,149,140,151,12,0.5116666666666655,-0.0651500550660793,0.0862816629955947,-0.03555203744493385,0.05072962555066082,0.12222222222222222,0.03333333333333333,0.1,0.022222222222222223,75.49272482661814,62.95550329123807,1.3401810258952678,0.9846279726955217,0.0761243310469304,0.03304050458393393,0.1017364165145127,0.8487108813286225,0.1535638428308368,0.002252842419721679,0.8319794666082806,0.8707253985115956,1.0202936592246448,0.0030055208763786955,0.8067318541818959,-0.005930468542326928,0.8857142857142857,0.9517196200458565,1.0198390901159973,0.0,0.6971356100447406,0.6281465526513748,-0.0024138929113870678,-0.6812535679710688,0.0
ASML,2024-07-17,978.58,2025-08-05,775.0,2024-08-21,845.05,2024-09-09,764.08,0,0,0,2024-07-17,2024-08-21,2025-08-05,2024-09-09,135,160,398,172,25,-5.341200000000003,-0.266438069312114,0.09167888179248251,-0.1059705789969636,0.014090322580645109,-2.511111111111111,2.922222222222222,-2.6444444444444444,0.13333333333333333,54.96737034138032,29.00762629942369,0.40836694280652,1.8515494579995189,0.07246552716556298,-0.14182365037337075,-0.1858717375173079,2.745717518735392,-0.17827633774706397,-0.009565179422821424,0.581457486302871,0.0,1.4747244317741428,-0.02458270540977552,0.5321687461805981,1.0658653439858545,0.0,0.9859096774193549,0.8635471806086369,0.6734265734265736,0.6306788577225365,-0.4350625655659007,0.0010446550908018292,-0.15685533063608204,0.0
AVGO,2024-07-11,176.47,2024-08-05,129.61,2024-08-22,170.84,2024-09-06,137.0,1,1,0,2024-07-11,2024-08-22,2024-08-05,2024-09-06,135,165,152,175,30,-0.1876666666666665,-0.3615461769925159,0.3181081706658435,-0.2610909652033022,0.05701720546254136,0.25555555555555554,0.18888888888888888,0.14444444444444443,0.1111111111111111,54.78082747967641,34.708290408452214,1.147715265611976,3.076593259883058,0.0578444622299954,-0.13466124149156478,-0.13583401596060007,0.03222051280090244,0.028489496348544474,0.009896150829053596,0.13497295384295574,0.5028210277003912,0.6044942627144524,-0.0027149438101275905,0.803743459505536,-0.24945222544572987,0.45,0.946058394160584,0.9680965603218677,0.15875462663009832,0.8544914574103374,0.2381108887085245,0.002872009342621996,-0.38536356836078467,1.0
B,2024-08-26,20.7,2024-09-06,19.0,2024-09-26,21.01,2024-10-09,19.52,0,0,0,2024-08-26,2024-09-26,2024-09-06,2024-10-09,137,159,145,168,22,0.014090909090909194,-0.08947368421052637,0.10578947368421066,-0.07842105263157917,0.027368421052631556,0.25555555555555554,0.08888888888888889,0.15555555555555556,0.1,64.00698768522957,45.87159755099885,1.560433718875747,0.8108358936284543,0.04561187508974962,-0.029615049262534332,0.0037340046213760747,0.022141193306646583,-0.16660650601191684,-0.006348433657700436,0.45760955003521486,0.8675768394446791,0.8489374302415643,0.005899601680903707,0.8533919473318735,-0.24884220983666228,0.7032258064516128,0.9733606557377049,1.0149758454106281,0.0,0.9267728365384624,0.6992853531033698,0.0012479235356112686,-0.5544244921935177,0.8
BMO,2024-07-29,87.5,2024-08-05,77.56,2024-08-26,88.77,2024-08-28,81.88,0,0,0,2024-07-29,2024-08-26,2024-08-05,2024-08-28,136,156,141,158,20,0.0634999999999998,-0.128158844765343,0.14453326456936555,-0.08883445074780805,0.05569881382155741,0.18888888888888888,0.05555555555555555,0.16666666666666666,0.022222222222222223,67.99760709679465,41.21671441822173,2.1360471737972335,1.4634270621905547,0.060142855491659875,-0.02117725718059671,-0.026007475731131824,0.0010243393053709102,0.08356229878132959,-0.012885872047153968,0.037785373614515595,1.0063664108247594,2.511066265259536,0.01504622925005796,0.5511354271120803,0.642438879147782,0.7818181818181819,0.9472398632144603,1.0145142857142857,0.024126479001002843,0.8118168484633687,-0.060094078417222356,-0.001238118544268463,-0.352504645492159,1.0
BRK.B,2025-06-25,494.5,2024-07-15,470.13,2025-07-28,486.9,2025-08-04,459.11,1,1,1,2025-06-25,2025-07-28,2024-07-15,2025-08-04,372,394,135,399,22,-0.3454545454545465,-0.05308096098974091,0.036527193918668655,-0.060530156171723526,0.023440325016484763,2.933333333333333,-2.6333333333333333,2.8777777777777778,0.05555555555555555,49.42504910579494,29.037611533791363,0.8178109163244179,2.334384858044164,0.006068392609571038,-0.03481306638874926,-0.054083594638524746,0.533818017542573,0.12056773177357938,-0.003788861307584601,0.7981425145430807,0.9398321779878596,1.209016800310875,0.006575872552663324,0.7632956340837054,0.209016800310875,0.0,0.9765596749835153,0.9846309403437815,0.0,0.9267256817698665,0.006745127811327614,0.0003101823610375563,-0.6727267947686463,0.0
C,2024-04-01,63.6,2024-04-16,57.02,2024-05-21,64.74,2024-06-11,59.14,0,0,0,2024-04-01,2024-05-21,2024-04-16,2024-06-11,136,172,147,186,36,0.03166666666666648,-0.11539810592774469,0.1353910908453173,-0.09821115398105928,0.037179936864258106,0.43333333333333335,0.12222222222222222,0.2777777777777778,0.15555555555555556,65.18019353228271,34.22456251430839,1.0171038809036865,1.6363249715855528,0.03341151934057418,-0.0553243873273459,-0.039492066067368325,0.009274604494945608,-0.06467466120280518,0.0025692950243279,0.1847270405588602,0.7995282234815343,0.6894622929131807,-0.009943934151535765,0.7844725974667967,-0.31936319552939263,0.8,0.9641528576259724,1.0179245283018867,0.0,0.9107213815471521,0.8238424239243499,0.003458040787371225,-0.6602216582733214,1.0
CAT,2024-11-06,416.88,2024-11-19,378.03,2024-11-27,408.4,2025-01-10,351.0,0,0,0,2024-11-06,2024-11-27,2024-11-19,2025-01-10,138,153,147,181,15,-0.5653333333333346,-0.11068376068376073,0.0865242165242166,-0.16353276353276347,0.07150226172525984,0.37777777777777777,0.1,0.06666666666666667,0.3111111111111111,59.261653414702614,27.616037484559854,0.6161633401002461,1.4546150558610147,0.030533071594402328,-0.04473159362879331,-0.08284687103139532,0.2700267333668452,-0.1828635115888314,0.011305163109752048,0.4072916926418658,0.9637833743316108,0.8178839813140478,-0.00811584403667145,0.7093378831222762,-0.172875877966428,0.0790697674418605,0.9284977382747401,0.9796584148915755,0.5444131696334888,0.7973986444413022,0.4557927736506144,0.002151999066670137,-0.3413407659608283,1.0
COF,2025-03-04,192.06,2025-03-10,163.87,2025-03-26,184.84,2025-04-07,144.94,1,1,1,2025-03-04,2025-03-26,2025-03-10,2025-04-07,135,151,139,159,16,-0.45124999999999993,-0.19449427349247972,0.14468055747205733,-0.2752863253760176,0.1155183987307012,0.2222222222222222,0.044444444444444446,0.13333333333333333,0.08888888888888889,48.73136715034266,34.683394990844505,0.6393856367046715,1.5569868841222263,0.012947036249195909,-0.09906921553045178,-0.17179885811791484,0.6279126922930285,0.43619925742943066,0.0006614454804827474,0.7099866355883127,1.419219246659835,1.6948366569477324,0.011167124903736505,0.5282088858539528,1.1536266045798649,0.7333333333333334,0.8844816012692988,0.962407580964282,0.4917618944687082,0.8094930790467882,-0.081207697312978,0.0025958202412562277,-0.4472107663352496,0.0
CRWD,2025-02-27,401.64,2025-03-10,308.86,2025-03-25,384.95,2025-04-07,300.06,1,1,1,2025-02-27,2025-03-25,2025-03-10,2025-04-07,136,154,143,163,18,-0.9272222222222221,-0.3092048257015263,0.2535826168099713,-0.28291008464973677,0.028491873340672186,0.2222222222222222,0.07777777777777778,0.12222222222222222,0.1,54.065347626835425,37.96686562424412,0.7600071745933727,1.4222980829365321,0.06229078429937429,-0.09010007588671731,-0.15451086397141656,0.6914579155433991,0.09176316552494912,-0.009610418360307071,0.42633524642181536,1.4535135720864714,1.1536041300629263,-0.033251798682118555,0.5599015692899704,0.26200183437952296,0.6148148148148149,0.9715081266593278,0.9584453739667363,0.23734986000489133,0.9767881254888512,0.12802665273015715,0.0036747284812306226,-0.49045078071954273,0.0
D,2023-08-29,49.56,2023-09-06,45.95,2023-09-18,48.63,2023-10-06,40.52,0,0,0,2023-08-29,2023-09-18,2023-09-06,2023-10-06,137,150,142,164,13,-0.07153846153846152,-0.08909180651530124,0.06614017769002967,-0.20014807502467913,0.11817192600652882,0.24444444444444444,0.05555555555555555,0.08888888888888889,0.15555555555555556,53.775600631406306,27.839788600128003,0.827223471620378,1.1761464892841558,0.01992457059116637,-0.09037367010341091,-0.1210045227945109,0.08017653497669217,0.43629842374552386,-0.008487501872417758,0.632471626495548,1.67239879138705,1.6837979534761527,0.025860038447095713,0.6623332984429924,1.0823411210349603,0.362962962962963,0.8818280739934712,0.9812348668280871,0.6815315229757652,0.607995104296053,-0.7269545110031828,-0.001424553785207854,-0.11558413516977528,0.0
DECK,2024-08-30,159.88,2024-09-06,143.33,2024-09-18,160.45,2024-09-20,147.98,0,0,0,2024-08-30,2024-09-18,2024-09-06,2024-09-20,139,151,143,153,12,0.04749999999999943,-0.11546780157678072,0.11944463824740104,-0.08700202330286766,0.03244261494453343,0.1111111111111111,0.044444444444444446,0.08888888888888889,0.022222222222222223,55.46580983924012,46.318470017815024,0.8459309981564392,2.4990802034894175,0.01828337082818421,-0.018761584654624186,-0.0063592962391032515,0.025931132999525083,0.043933561647288455,0.008389150357124953,0.16660507481472378,0.7960833788828298,1.2840032287177923,0.011613816388012703,0.712595422055852,-0.04264227332240145,0.8285714285714286,0.9685768347073931,1.0035651738804103,0.033002764265112505,0.8576634990417933,0.27907198668156713,0.0008693885193771867,-0.6625150241491722,1.0
DELL,2024-03-01,124.66,2024-03-14,106.45,2024-04-08,132.95,2024-04-19,114.87,0,0,0,2024-03-01,2024-04-08,2024-03-14,2024-04-19,138,163,147,172,25,0.3315999999999997,-0.1710662282761859,0.24894316580554232,-0.1698449976514793,0.07909816815406295,0.2777777777777778,0.1,0.17777777777777778,0.1,65.15700707062096,47.69267620695433,1.3616750278690926,1.146384426173268,0.10015622375826316,-0.04275796158431833,0.05962577580718165,0.5763139396585288,0.30275858494747054,-0.013144063611196466,0.678346004279282,2.044286284001529,1.6640964113280488,-0.08190556906981807,0.312311364992069,0.5495176683999048,0.7411764705882353,0.9266997475406982,1.0665008824001283,0.0,0.9642414403490763,1.6154737702664015,0.003143875258330539,-0.12836142704973708,0.0
DUK,2024-10-21,121.05,2024-11-15,109.47,2024-11-27,117.68,2024-12-18,105.76,1,1,1,2024-10-21,2024-11-27,2024-11-15,2024-12-18,138,165,157,179,27,-0.12481481481481446,-0.10949319213313169,0.07762859304084735,-0.11270801815431164,0.033890563624737316,0.24444444444444444,0.2111111111111111,0.08888888888888889,0.15555555555555556,63.328518226843805,27.60098770559256,0.6515749792158168,1.511378865896747,0.039495127670890806,-0.0597647962925788,-0.06775848430441211,0.020771913075750978,-0.047320838967585654,0.008709014077503019,0.20953670543381023,0.8988179565046602,0.8785291320053442,0.004243378620805072,0.7885594904082929,0.15563552325080598,0.1902439024390244,0.9661094363752627,0.972160264353573,0.5097572634721304,0.9714213859289097,0.36988753375726435,0.0019181230830442057,-0.5150816277560314,0.0
DUOL,2024-06-18,213.97,2024-08-05,145.84,2024-08-26,212.7,2024-09-04,202.44,0,0,0,2024-06-18,2024-08-26,2024-08-05,2024-09-04,136,183,168,189,47,-0.027021276595744898,-0.4671557871640153,0.45844761382336796,-0.07035106966538662,0.3880965441579813,0.23333333333333334,0.35555555555555557,0.16666666666666666,0.06666666666666667,64.2579969070554,57.835783723302924,0.6555953868836019,0.4274671080698282,0.1210138988232845,0.03416806204581824,0.08928102039541264,0.007267965712671177,-0.15449762078972396,-0.007987161639235518,0.03504762185313338,0.7471904277380126,0.3749315336512418,-0.007610529933223928,0.6341329564679206,-0.6396846800854843,0.19245283018867934,0.720410985971152,0.994064588493714,0.0,0.26312543121470156,0.38664325427853286,0.000214860843917585,-0.1886701101812719,1.0
GME,2024-07-16,28.54,2024-08-05,18.83,2025-08-19,22.66,2025-08-28,19.9,0,0,0,2024-07-16,2025-08-19,2024-08-05,2025-08-28,135,409,149,416,274,-0.021459854014598538,-0.5156664896441849,0.20339883165161998,-0.14657461497610225,0.05682421667551781,2.966666666666667,0.15555555555555556,2.888888888888889,0.07777777777777778,45.76078502384691,48.03025355924152,0.8588897056026998,1.2126796041856276,-0.0005255901661809226,0.004540090043804845,-0.013727283985602634,0.007212942068185853,-0.47169900276676024,0.04016796854593219,0.3499557139507602,0.17041510701388973,0.08867365472077453,0.0001461226114855203,0.8207705655528862,-0.9080659024527244,0.3494661921708184,0.9462311557788945,0.7939733707077786,0.0,0.5272467444670164,0.22284985505384725,0.009634089068690873,-0.5833872412639245,0.8
HOOD,2025-03-05,48.12,2025-03-10,35.63,2025-03-25,48.75,2025-04-07,30.67,1,1,1,2025-03-05,2025-03-25,2025-03-10,2025-04-07,135,149,138,158,14,0.045000000000000186,-0.4072383436582978,0.4277795891750895,-0.5895011411803064,0.13920853213584058,0.2222222222222222,0.03333333333333333,0.12222222222222222,0.1,54.683469715006204,36.34739006879513,0.8589121450948533,1.5705183359345527,0.10203244822088875,-0.14185660471243045,-0.2554198135512784,0.18303003081307634,0.022356551867210417,-0.010515793370743043,0.5116950458107211,1.6022300536410328,1.63917373666611,0.011322153351621565,0.6981490175131375,0.7946316201058159,0.6173913043478261,0.8607914678641594,1.0130922693266833,0.23893793494300497,0.8234345716142116,0.15167386226294322,0.008209389313050031,-0.5986781081978585,0.0
JPM,2025-02-28,264.65,2025-03-13,225.19,2025-03-26,252.6,2025-04-07,205.77,1,1,1,2025-02-28,2025-03-26,2025-03-13,2025-04-07,137,155,146,163,18,-0.6694444444444435,-0.1917675074111873,0.13320697866550035,-0.2275841959469309,0.08623828766819125,0.18888888888888888,0.1,0.1,0.08888888888888889,54.43236474973628,30.443333483087457,1.0213247179315044,1.7067526309556351,0.032900782458891165,-0.08871614931321281,-0.14904666542211253,0.617940306283566,0.46135162427472887,-0.005777302677193341,0.6469469868929385,1.272710288733146,1.5565090709392362,0.013358821627692287,0.6438866539206481,0.7436317563181112,0.4923076923076924,0.9137617123318087,0.954468165501606,0.5365210892107637,0.8915099221952103,0.01730628824022799,0.0023938536048860944,-0.34171123551872506,0.0
KLG,2024-06-26,16.96,2024-07-10,15.49,2024-07-17,16.56,2024-07-19,15.93,0,0,0,2024-06-26,2024-07-17,2024-07-10,2024-07-19,135,149,144,151,14,-0.028571428571428723,-0.09489993544222086,0.06907682375726276,-0.04067140090380894,0.028405422853453807,0.07777777777777778,0.1,0.05555555555555555,0.022222222222222223,43.68109953510885,37.093471118656296,0.5529384351984115,0.731110144830585,-0.0023196039668978985,-0.03105131373176273,-0.12564870352103663,0.1116006123034664,-0.11159892890402834,0.003733508571742039,0.9102128292219196,1.1215225990532391,1.0410174056004609,-0.16556171212176626,0.29263626808030085,0.04862734926017631,0.27499999999999997,0.9723791588198368,0.9764150943396225,0.24329684808365126,0.6100719424460423,0.2882554837467087,0.003944208017504925,-0.8824648370232511,0.0
KO,2025-03-03,72.32,2025-03-14,68.51,2025-04-03,73.18,2025-04-07,66.23,0,0,0,2025-03-03,2025-04-03,2025-03-14,2025-04-07,135,158,144,160,23,0.03739130434782668,-0.0575268005435603,0.07051185263475768,-0.10493733957421103,0.03327981316596119,0.17777777777777778,0.1,0.15555555555555556,0.022222222222222223,67.89991939214124,44.23305283322189,1.2966733250385085,1.7473863214983951,0.042375426849913245,-0.02368129374492467,-0.00021362291743287631,0.1007776130702724,0.29268251957426705,0.00010822600166782159,0.6017869770881918,1.0275918230551464,1.64007378632382,-0.003260307137532447,0.6844461749815516,0.3358878873318112,0.6800000000000002,0.9667201868340388,1.0118915929203542,0.4028077930166669,0.7135950843558247,0.5307103481412068,-0.00010302183128216503,-0.6295572050568236,0.6
LYV,2023-10-09,87.76,2023-10-27,77.0,2023-11-20,89.82,2023-12-05,81.41,0,0,0,2023-10-09,2023-11-20,2023-10-27,2023-12-05,137,167,151,177,30,0.06866666666666627,-0.13974025974025972,0.16649350649350647,-0.10922077922077933,0.057272727272727225,0.28888888888888886,0.15555555555555556,0.17777777777777778,0.1111111111111111,69.1847346630333,36.015202673248474,1.079412917822951,0.9009719939481676,0.06606215511708191,-0.05994152286348975,-0.03343840155231148,0.00785238098150714,-0.19935089818245322,-0.008307138411315362,0.10302810672163316,1.2421910889501517,0.8919482932682922,0.004459753793330263,0.6987527886615947,-0.06318640383553475,0.6000000000000001,0.945829750644884,1.0234731084776663,0.0,0.8660027709775765,0.1189961024392273,-0.00039575458696689686,-0.23237481536867977,1.0
MCD,2023-08-25,284.76,2023-09-06,275.44,2023-09-14,284.76,2023-10-12,246.19,0,0,0,2023-08-25,2023-09-14,2023-09-06,2023-10-12,139,152,146,172,13,0.0,-0.037856939761972574,0.037856939761972574,-0.15666761444412858,0.10619372640139413,0.28888888888888886,0.07777777777777778,0.06666666666666667,0.2222222222222222,55.640491140444745,22.33556023004381,0.9102951067075671,1.1487987965988289,0.015115377420929388,-0.062479765921167774,-0.10364784431695129,0.5654421035351446,0.24442136928377156,-0.001633944281831723,0.7932287440083262,1.034032154789025,1.3201421994114642,0.011887202402034154,0.7127870725655211,0.5455889164274585,0.16363636363636375,0.8938062735986059,1.0,0.8048264688291664,0.3892253079974941,-1.4660062671789476,4.2774365719347066e-05,1.6019720199544905,0.0
MDB,2021-12-21,563.33,2022-01-27,351.51,2022-02-11,450.72,2022-03-08,280.04,1,1,0,2021-12-21,2022-02-11,2022-01-27,2022-03-08,139,175,164,191,36,-3.128055555555556,-0.7563919440079991,0.3542708184545067,-0.6094843593772319,0.2033228073170037,0.3,0.2777777777777778,0.12222222222222222,0.17777777777777778,51.70513984632731,26.43764117171706,0.9704920746596035,2.127561666441872,0.0803818306364188,-0.2662610248092834,-0.3125798067516298,1.6477384218695266,-0.01373322842906044,-0.009970700668622934,0.5280227567090192,1.1564676842406196,1.3218097793251167,0.009260666071007598,0.6247454173836565,0.9604917266914437,0.22307692307692312,0.7966771926829963,0.8000994088722418,0.5605915811136004,0.9964635653187879,-0.30841504660199864,0.0034711767769252623,0.05742316674563597,0.0
MRK,2024-09-06,119.1,2024-09-09,113.15,2024-09-17,118.97,2024-09-26,113.09,0,0,0,2024-09-06,2024-09-17,2024-09-09,2024-09-26,138,145,139,152,7,-0.018571428571427923,-0.05261296312671315,0.0514634362012556,-0.05199398708992842,0.0005302695536898124,0.14444444444444443,0.011111111111111112,0.06666666666666667,0.07777777777777778,57.13723554716467,38.6223576343015,0.9548517699061664,1.135395051610952,0.02058085399035514,-0.025281474989644726,-0.028620722546883415,0.017568850378365173,-0.1261736598122727,-0.004234023967695344,0.1577534099542357,0.9387898959397152,1.0632346989854318,0.0018657394947591995,0.732320637647936,0.10271386902726953,0.39999999999999997,0.9994697304463102,0.9989084802686818,0.0,0.994628880764136,0.11434563937624664,-0.0012152189401413158,-0.7133826604763368,1.0
MRNA,2025-01-28,44.94,2025-02-14,30.53,2025-02-20,36.23,2025-03-04,29.77,0,0,0,2025-01-28,2025-02-20,2025-02-14,2025-03-04,136,152,149,160,16,-0.544375,-0.4840443399395362,0.1914679207255625,-0.21699697682230434,0.024893547330494644,0.12222222222222222,0.14444444444444443,0.03333333333333333,0.08888888888888889,43.92733458094277,37.76581364090605,0.8652730550276724,0.6653208508503884,-0.07221104067578321,-0.07685056973693316,-0.1796614174033767,0.1021991247551744,-0.15458931444433066,-0.009180603307970103,0.4888730671882371,1.5575505485967671,0.9804406460619153,-0.013968431087587442,0.6787063073305842,-0.18876213576901457,0.050000000000000155,0.9751064526695054,0.806186025812194,0.49044169134895654,0.7147148026918707,-0.05393698746632925,-0.007550624359372361,-0.6920855654708384,0.0
MS,2025-03-03,133.33,2025-03-10,111.69,2025-03-26,125.77,2025-04-07,96.27,1,1,1,2025-03-03,2025-03-26,2025-03-10,2025-04-07,135,152,140,160,17,-0.4447058823529422,-0.22478446037187094,0.1462553235691284,-0.3064298327620234,0.13806070373354823,0.2222222222222222,0.05555555555555555,0.13333333333333333,0.08888888888888889,47.8847456211706,29.445498929166348,0.6107847730248538,2.2228646734824906,0.014714172454651786,-0.1284785985533321,-0.2005487035776765,0.5005302447286809,0.46859970345492785,-0.0029762260208898716,0.7684030370445326,1.2993867995048844,1.672286353906705,0.019959937871745246,0.6099680184311013,0.9800272771235106,0.76,0.8619392962664518,0.9432985824645614,0.5525945224365609,0.8179427789259215,-0.2910878127532152,0.0018771052493082847,-0.24900652048058514,0.0
MU,2024-07-24,111.47,2024-08-07,86.8,2024-08-20,108.95,2024-09-09,86.27,1,0,0,2024-07-24,2024-08-20,2024-08-07,2024-09-09,136,155,146,168,19,-0.1326315789473682,-0.28596267532166464,0.2567520574939146,-0.26289556044975093,0.006105990783410151,0.24444444444444444,0.1111111111111111,0.1,0.14444444444444443,51.20055952182183,30.031580769163682,0.6587663605632718,0.9965570755217367,0.07079814637153126,-0.12096754850737512,-0.20420555059449486,0.6963415045904746,-0.23804781651185636,0.038253701711867816,0.7783135512315277,0.8053396562788658,0.7416238736887396,-0.008631815678029984,0.8183224860456864,-0.2555857306385201,0.3625,0.9938940092165899,0.9773930205436441,0.09589501265474765,0.9693905567593131,-0.055084557494264254,0.003059725311568138,-0.43567444394967403,0.0
NFLX,2025-02-18,1062.0,2025-03-10,866.68,2025-03-25,997.28,2025-04-07,827.85,1,1,1,2025-02-18,2025-03-25,2025-03-10,2025-04-07,135,160,149,169,25,-2.588800000000001,-0.23593646191942996,0.1577580479555476,-0.2046626804372773,0.044803156874509545,0.2222222222222222,0.15555555555555556,0.12222222222222222,0.1,58.09149707266176,37.0739468013018,0.6871199080739587,1.2650426682047047,0.05655935122300715,-0.06991123522068632,-0.10200693291646246,0.7529041595332491,0.1654017177286473,-0.00019850383101138735,0.37791773990215166,1.3875297444047459,1.074711490097268,0.0073656934914783775,0.7377682614924203,0.20950215167265296,0.44705882352941195,0.9551968431254905,0.9390583804143126,0.47683109118086686,0.9603599081021974,0.37044118905364404,0.003736789298310494,-0.5314078724164136,1.0
NKE,2024-12-11,78.85,2025-01-17,70.84,2025-01-30,78.33,2025-02-07,70.56,1,0,0,2024-12-11,2025-01-30,2025-01-17,2025-02-07,137,169,161,175,32,-0.016249999999999876,-0.11352040816326525,0.1061507936507935,-0.11011904761904745,0.0039525691699604905,0.15555555555555556,0.26666666666666666,0.08888888888888889,0.06666666666666667,64.48720523349405,33.00760980982983,0.9063674179614901,2.033374724317512,0.06902313207910082,-0.06724066520222605,-0.08984058686248353,0.047106030568107866,0.33862390884830784,-0.0010762760638193258,0.404551131355092,1.0003908310904612,1.4037943351460394,0.00014050894598907857,0.5948607618683697,0.47209599735474805,0.13684210526315788,0.9960474308300395,0.9934051997463539,0.2563080746620029,0.9880985846324756,-0.07261024345279582,0.00015630981329345324,-0.38544310032252493,0.0
NVDA,2024-07-11,135.75,2024-08-07,98.91,2024-08-22,130.02,2024-09-06,102.83,1,1,1,2024-07-11,2024-08-22,2024-08-07,2024-09-06,135,165,154,175,30,-0.19099999999999967,-0.3724598119502578,0.3145283591143466,-0.27489637043777204,0.039631988676574685,0.23333333333333334,0.2111111111111111,0.12222222222222222,0.1111111111111111,55.59160411530216,37.0892455685222,1.0148455952799627,1.1981197451223444,0.08764252139616535,-0.13438026688380067,-0.13304693085269137,0.027935964700816968,-0.005795009730769962,0.001766325468828267,0.1239840811844738,0.8622650491410159,0.9870773903827341,0.004758622447528008,0.8086709807748437,0.030345707786118448,0.35000000000000014,0.9618788291354663,0.9577900552486188,0.11867766141220326,0.8704283714028168,0.46578474419341404,0.005556683276754468,-0.4798029263211733,0.4
ORCL,2025-04-02,145.86,2025-04-07,118.86,2025-04-09,139.69,2025-04-21,122.82,1,1,1,2025-04-02,2025-04-09,2025-04-07,2025-04-21,136,141,139,148,5,-1.234000000000003,-0.22715800100959127,0.17524819114925116,-0.1419316843345111,0.03331650681473998,0.1,0.03333333333333333,0.022222222222222223,0.07777777777777778,44.70497547304029,33.99404450882527,1.4709895307318135,1.0341218160444323,-0.03177954635097402,-0.10240553162287525,-0.1925778731176957,0.947419675591128,0.21962316162718643,-0.007239418800588537,0.895014778334779,1.4384519747976314,0.9498190933556648,-0.04736009009405821,0.7670654119379565,-0.17456336206241174,0.13333333333333325,0.9677576941866146,0.9576991635815164,0.4384002051749126,0.7896483991224924,-0.24702813000434937,-0.0021968560435832595,-0.5415836850675882,0.0
PLTR,2025-02-21,107.68,2025-03-11,75.79,2025-03-25,97.22,2025-04-07,66.65,1,1,1,2025-02-21,2025-03-25,2025-03-11,2025-04-07,137,159,149,168,22,-0.4754545454545458,-0.47846961740435123,0.3215303825956488,-0.45866466616654145,0.12059638474732814,0.2111111111111111,0.13333333333333333,0.1111111111111111,0.1,57.41574283241196,41.210952409563326,0.7214543887497382,1.621973830272422,0.12523321596244608,-0.09314385947219606,-0.15246674683239236,0.03228289194000387,-0.027245061091932588,-0.005625237519527926,0.1083793865943406,1.1370986492474262,1.1314521843016907,-0.008155777418059347,0.7923304829781926,0.27381536781415106,0.4451612903225808,0.8794036152526719,0.9028603268945021,0.4672190930940394,0.9700519235908369,0.3365040512586686,0.010383499301433926,-0.7344447343625051,1.0
PTON,2024-02-12,4.81,2024-02-23,4.26,2024-02-29,4.74,2024-03-05,4.26,0,0,0,2024-02-12,2024-02-29,2024-02-23,2024-03-05,137,149,145,152,12,-0.005833333333333283,-0.12910798122065725,0.11267605633802824,-0.11267605633802824,0.0,0.07777777777777778,0.08888888888888889,0.044444444444444446,0.03333333333333333,43.65075121407838,39.23723993061285,0.6552774972665695,0.8498584585155265,0.013793877140277244,-0.052385666530628594,-0.19189615923156755,0.034005460067240256,-0.445696662524835,-0.007091648195827305,0.7287022664964936,0.5554370140721264,0.5112912049595972,-0.008222805030159054,0.880094700977102,-0.4835536986915663,0.3333333333333334,1.0,0.9854469854469856,0.0,0.9393384596606864,0.07774394365877763,0.0017794167962170363,-0.7270691777685352,0.8
RBLX,2025-03-03,64.4,2025-03-11,53.46,2025-03-25,62.01,2025-04-07,50.51,1,1,1,2025-03-03,2025-03-25,2025-03-11,2025-04-07,135,151,141,160,16,-0.14937500000000048,-0.21659077410413796,0.16927341120570172,-0.22767768758661644,0.05518144407033301,0.2111111111111111,0.06666666666666667,0.1111111111111111,0.1,55.24039757445618,34.82539909022596,0.5011635058619137,0.912285611266878,0.05219395776390767,-0.0948565707347152,-0.15459638765456607,0.18865326368880062,0.09711162430026676,-0.012349035705032985,0.6412384260066314,0.8807010471011996,0.6925850886452085,-0.007409719616927027,0.7452489911678299,-0.141221165110194,0.6000000000000001,0.944818555929667,0.9628881987577639,0.2843773486890584,0.9561585167584763,0.32949788645409306,0.0051744423535915775,-0.6758799090784627,0.0
RDDT,2025-03-25,125.43,2025-04-07,81.01,2025-05-01,125.64,2025-05-23,95.83,1,1,1,2025-03-25,2025-05-01,2025-04-07,2025-05-23,136,162,145,178,26,0.008076923076922836,-0.5483273669917295,0.5509196395506726,-0.36797926181952834,0.18294037773114422,0.36666666666666664,0.1,0.18888888888888888,0.17777777777777778,54.595519424223426,42.98970064144873,1.930073528470814,0.6367694147020332,0.14329987425682011,-0.09446711450958678,-0.07320364824659309,0.002744519350247866,-0.2634138378351669,-0.003758003395996634,0.025139967244876753,0.7169493377602777,1.1783054833699291,0.009174636679524,0.6550545213130247,0.029266310697557474,0.6095238095238096,0.84535114264844,1.0016742406122936,0.024423013320023612,0.8023754213399916,0.10435529954486335,0.002056714458970835,-0.6926547661003073,0.0
RKLB,2025-05-28,29.91,2025-06-02,26.5,2025-06-09,30.0,2025-06-13,25.41,1,1,1,2025-05-28,2025-06-09,2025-06-02,2025-06-13,134,142,137,146,8,0.011249999999999982,-0.1341991341991342,0.13774104683195598,-0.18063754427390788,0.04113207547169811,0.1,0.03333333333333333,0.05555555555555555,0.044444444444444446,68.52428021555482,48.474585805226184,2.7186779960906398,0.726786572771988,0.13283263375286425,-0.053966014923945926,0.09213754811666752,0.18518449420974378,0.1718906133039737,-0.0034279047150445052,0.8515905821673462,1.6336414543723878,1.7595773150352505,0.036041055687545454,0.5430088695353046,0.8216661437512789,0.6333333333333333,0.9588679245283019,1.0030090270812437,0.22222228870932048,0.8539698956829442,0.5652173734990443,-0.0028450662397699286,-0.7111876246701755,0.8
SNOW,2023-09-11,170.17,2023-09-28,145.52,2023-10-11,163.92,2023-10-26,140.84,1,1,1,2023-09-11,2023-10-11,2023-09-28,2023-10-26,137,159,150,170,22,-0.2840909090909091,-0.17502130076682731,0.13064470320931543,-0.16387389946038056,0.03216052776250692,0.2222222222222222,0.14444444444444443,0.1,0.12222222222222222,60.14056787256094,34.836335300740885,0.5833327963606137,1.3951170467489598,0.05416498318645946,-0.08524369356006145,-0.09134665607498937,0.00028180408933599046,0.0238066190674735,-0.0033854574036843443,0.007321032705936705,0.7259137306131632,0.612599119167971,-0.006456039987613852,0.8229894690241023,-0.32875384189633894,0.34545454545454557,0.9678394722374931,0.9632720220955515,0.15990455541600923,0.9858054407498975,0.05351054814357926,9.393318851545612e-05,-0.4456135891102162,0.2
SPOT,2025-02-13,648.32,2025-03-10,489.24,2025-03-25,615.88,2025-04-07,477.51,1,1,1,2025-02-13,2025-03-25,2025-03-10,2025-04-07,137,164,153,173,27,-1.2014814814814836,-0.3331448556051184,0.26520910556846977,-0.28977403614583985,0.02397596271768461,0.2222222222222222,0.17777777777777778,0.12222222222222222,0.1,59.39651038132144,40.030301260898185,0.5546439178292251,1.439314552272597,0.07458010711533625,-0.08072225262166155,-0.10682112615916028,0.031574771119141073,0.25777637221120786,-0.006347711161467928,0.049368704543102146,1.4378874536035022,1.2858122202744127,0.00892440868735551,0.6758842454123882,0.447162672568856,0.41111111111111115,0.9760240372823153,0.9499629812438302,0.21265130829988388,0.955956661145533,0.42113255140904915,0.004857089296309026,-0.44376293549687607,1.0
TJX,2024-12-11,127.31,2025-01-15,119.11,2025-02-14,126.55,2025-03-13,112.81,1,1,1,2024-12-11,2025-02-14,2025-01-15,2025-03-13,137,180,159,198,43,-0.01767441860465128,-0.0726885914369293,0.06595160003545786,-0.12179771296870845,0.05289228444295187,0.43333333333333335,0.24444444444444444,0.23333333333333334,0.2,53.189172923417686,26.26660566214818,1.0170165751216727,1.1129798646175924,0.0024603845390400725,-0.07112508670913764,-0.0755154170208775,0.00011117394488033569,0.31324531661970423,-0.0052150653721915186,0.007077236631854788,0.7881354467506295,1.05332400756068,0.0006412286296199699,0.7756585300197069,0.06521670247216349,0.4885245901639345,0.9471077155570481,0.9940303196920901,0.3844561482158777,0.7446923865930257,0.2587346089985745,0.0009289714879179108,-0.42194778921464915,1.0
TSLA,2023-02-28,210.59,2023-03-13,167.46,2025-03-31,207.46,2025-04-27,152.64,1,1,1,2023-02-28,2025-03-31,2023-03-13,2025-04-28,136,659,145,678,523,-0.00598470363288718,-0.2825602725366876,0.2620545073375262,-0.3591457023060798,0.08849874596918679,5.9222222222222225,0.1,5.711111111111111,0.2111111111111111,43.914349094537314,58.37400850729763,1.0294890220930188,1.0632449826686046,0.018846865282150738,0.12438743565172095,0.06198820951248818,0.5978820799610691,0.04993643311576079,-0.005631356006036814,0.37912537082830994,0.5484758656698039,0.7296605795691639,-0.000401211964795204,0.8480341294876534,-0.33295087364663867,0.303321033210332,0.9115012540308132,0.9851369960586923,0.0,0.8732794849279337,0.9466889143708408,-0.0032039041878935324,0.7988458110084418,0.0
TSM,2024-10-18,205.95,2024-10-31,190.54,2024-11-08,203.89,2024-11-27,181.19,0,0,0,2024-10-18,2024-11-08,2024-10-31,2024-11-27,140,155,149,168,15,-0.13733333333333347,-0.08504884375517419,0.07367956288978417,-0.12528285225453928,0.04907106119449982,0.2111111111111111,0.1,0.06666666666666667,0.14444444444444443,59.393141692161706,39.842740116267976,0.7709415121968285,0.7898574613480547,0.024278182675331994,-0.048958759920734285,-0.04063242138001533,0.0651770903744544,-0.11924472346240766,-0.006911518982706477,0.22816297345822173,0.9518843772269965,0.8474876492824874,-0.010694069482760334,0.8084701106933103,-0.1560271926428175,0.2285714285714286,0.9509289388055002,0.9899975722262685,0.4266102427450791,0.803873844396692,0.5655243952347527,0.0009186986219181185,-0.45492199688924984,1.0
TT,2024-06-18,345.38,2024-07-01,321.36,2024-07-16,346.32,2025-07-25,322.22,0,0,0,2024-06-18,2024-07-16,2024-07-01,2025-07-25,136,154,144,411,18,0.052222222222222094,-0.07474483445357216,0.07766990291262132,-0.07499377645008698,0.0026761264625342718,2.966666666666667,0.08888888888888889,0.1111111111111111,2.8555555555555556,62.486555323103126,75.74178696363084,0.9378101455150337,0.98663298078749,0.03228880538117007,0.06871717007152633,0.09125836882931582,0.26638076555928264,0.1728682124601506,0.0029105465192635904,0.510882171176937,1.094591723977044,1.2855309893249476,0.0007670629833187604,0.6387362785353997,0.10494710952674913,0.0,0.9973310160759729,1.0027216399328276,0.0,0.9996964595755374,2.322162394196018,0.002499925124519111,0.6362143932368811,0.0
V,2025-06-13,361.51,2025-06-23,337.5,2025-07-07,358.92,2025-07-15,347.02,1,0,0,2025-06-13,2025-07-07,2025-06-23,2025-07-15,136,150,141,156,14,-0.18499999999999822,-0.07114074074074073,0.06346666666666678,-0.035259259259259323,0.028207407407407355,0.16666666666666666,0.05555555555555555,0.1,0.06666666666666667,51.870525734187574,43.35064405684042,0.6691419797382038,0.6382294439874303,0.0027935450124287886,-0.011540387612206437,-0.027033568797231733,0.0007049687838362806,-0.11671044659218233,-0.0016437066645033083,0.01134094694183339,1.288381632184404,1.1852033637583441,-0.0656677710369556,0.5859860236261398,0.21976749054470845,0.7000000000000001,0.9725664226845715,0.9928356062072973,0.02836583625154432,0.6659581225734339,0.5958742578888065,0.0006381599068696719,-0.5800940251707241,1.0
VC,2025-02-20,90.68,2025-03-04,81.61,2025-03-07,87.68,2025-03-20,79.95,1,0,0,2025-02-20,2025-03-07,2025-03-04,2025-03-20,136,147,144,156,11,-0.2727272727272727,-0.11344590368980634,0.07592245153220767,-0.09668542839274541,0.020340644528856717,0.13333333333333333,0.08888888888888889,0.03333333333333333,0.1,54.83733980284915,43.542977034952166,0.9107204891266588,1.1401272957660322,0.02496961099933781,-0.03293490102708119,-0.029183644294304645,0.00037583370317043736,0.12766088752433102,-0.007131773151941911,0.01566619880610056,1.131021908931165,1.0714046296202249,0.010647970862489465,0.8268645835684506,0.11479589245629884,0.10000000000000009,0.9796593554711432,0.9669166299073666,0.15011880459829308,0.9369734543320674,0.15089717284762294,-0.0012739030253740655,-0.23342260538445048,1.0
W,2024-07-16,57.23,2024-08-12,38.21,2024-10-9,57.12,2024-11-12,37.59,1,0,0,2024-07-16,2024-10-09,2024-08-12,2024-11-12,135,195,154,219,60,-0.0018333333333333238,-0.5059856344772544,0.5030593242883743,-0.519553072625698,0.01622611881706353,0.7222222222222222,0.2111111111111111,0.45555555555555555,0.26666666666666666,57.42687129078571,34.92090576977124,0.7412898276271899,1.2834422032528783,0.031173697186703597,-0.1155917777402582,-0.19001637427188434,0.009752246211154145,0.0010611345896214264,-0.004322657303288069,0.08441763565207429,1.1993210182493401,1.684511629881482,0.006443305767596771,0.5894695284289616,1.2432723441534135,0.7761904761904763,0.9837738811829365,0.9980779311549887,0.0,0.9858086497208892,-0.340148933801823,-0.001112190131812613,-0.06076302125929134,0.0
WBD,2024-07-31,8.8,2024-08-13,6.67,2024-08-26,8.23,2024-09-11,6.94,1,1,0,2024-07-31,2024-08-26,2024-08-13,2024-09-11,136,154,145,165,18,-0.03166666666666668,-0.31934032983508254,0.23388305847076474,-0.1934032983508247,0.0404797601199401,0.2222222222222222,0.1,0.1,0.12222222222222222,58.78516628297837,38.28770551304654,0.9542425431160928,0.9510437328217723,0.07210311425134486,-0.07896481911568354,-0.09921602782453365,0.00014983275873603805,0.03319494826198999,0.0018862473299667837,0.025136755257997367,1.165873773914718,1.0804394560677664,-0.01727386924635957,0.7294350385830584,0.10549311169344944,0.4206896551724139,0.9610951008645533,0.9352272727272727,0.32863857824477816,0.7860978675225658,-0.06837601264229974,-0.0012845214978929288,-0.08035322691070479,0.6
Z,2023-12-27,59.47,2024-01-17,51.44,2024-01-30,58.54,2024-02-13,53.0,1,0,0,2023-12-27,2024-01-30,2024-01-17,2024-02-13,137,159,150,169,22,-0.04227272727272726,-0.15610419906687412,0.13802488335925345,-0.10769828926905123,0.030326594090202223,0.2111111111111111,0.14444444444444443,0.1,0.1111111111111111,61.79841742607455,44.773750640820346,0.7215858883942713,1.5159435279355333,0.04713475915038634,-0.03346456529245745,-0.006142414821886599,0.0623812565748032,0.03380227952018999,-1.1857919440472209e-05,0.3395522655870797,0.6271358489218056,0.7807363340849285,0.003611632317394767,0.8128269418933836,-0.21770998297274446,0.3625,0.970566037735849,0.9843618631242643,0.01743422112755888,0.8241333766915976,0.7214120585706773,-0.0016642126436497008,-0.7069040476914914,0.2
ZD,2025-05-12,34.7,2025-05-23,30.0,2025-06-11,34.46,2025-07-01,30.0,1,0,0,2025-05-12,2025-06-11,2025-05-23,2025-07-01,135,156,144,169,21,-0.011428571428571524,-0.15666666666666673,0.14866666666666672,-0.14866666666666672,0.0,0.2777777777777778,0.1,0.13333333333333333,0.14444444444444443,56.608460765780144,49.55407035789578,0.9616858237547893,1.7619649000566129,0.04190401350575956,-0.007304760049197223,-0.0006285594889834378,0.0007215855630930954,0.004249954472196782,0.012523238956526406,0.044954496496381446,0.8131744857799581,0.9607780291651328,0.005771449719567058,0.7883874445922662,0.21780795097971772,0.5058823529411764,1.0,0.9930835734870317,0.0,0.9772672737146536,0.02440611664891833,-0.007142787286128484,-0.8844213147138336,1.0
ZS,2025-02-18,216.87,2025-03-04,187.15,2025-03-25,215.73,2025-04-07,166.88,1,1,1,2025-02-18,2025-03-25,2025-03-04,2025-04-07,135,160,145,169,25,-0.04560000000000059,-0.17809204218600194,0.17126078619367213,-0.29272531160115056,0.10830884317392471,0.26666666666666666,0.1111111111111111,0.16666666666666666,0.1,62.29558036891281,37.72737167873284,0.9768837425516629,2.3436842685661308,0.07977565249917817,-0.10167551625446059,-0.10744518497206834,0.004571329803183725,0.2899998009405216,-0.008972940051975686,0.0389185271002049,1.7388121839190287,2.0820769719016385,0.025591765633847536,0.5251391554480606,1.555526739056745,0.6823529411764706,0.8916911568260752,0.9947433946603955,0.45219054797287594,0.7540454259080883,-0.012209069286606467,0.0011104312843996597,-0.23817799654068927,0.0
