ticker,p1_date,p1_price,low1_date,low1_price,p2_date,p2_price,low2_date,low2_price,y_shape,y_breakout,y_reachtarget,p1_trading_date,p2_trading_date,low1_trading_date,low2_trading_date,p1_idx,p2_idx,low1_idx,low2_idx,p1p2_trading_days,neckline_slope_per_day,drop1_norm,rise1_norm,drop2_norm,trough_sim,spread_t,p1_to_l1_t,l1_to_p2_t,p2_to_l2_t,rsi_p2,rsi_l2,vol_ratio_p2,vol_ratio_l2,px_vs_ma20_p2,px_vs_ma20_l2,px_vs_ma50_l2,regime_trend,regime_volatility,regime_volume,regime_strength,regime_quality,trend_significance,price_volatility,volume_accumulation_ratio,volume_confirmation_ratio,volume_trend_slope,volume_consistency,volume_momentum,volume_spike_quality,volume_distribution_quality,pattern_duration_balance,pattern_trough_consistency,pattern_peak_relationship,pattern_clarity,pattern_amplitude_balance,pattern_noise_level,pattern_recovery_quality,pattern_time_symmetry,pattern_overall_quality,peak_decline_quality,market_position,trend_context,volatility_context,support_strength,support_quality_ratio,trend_consistency,trend_quality,short_long_trend_ratio,quality_score,overall_range,pattern_symmetry,recovery_strength,time_quality,drop1_pct,recovery_pct,drop2_pct,strict_quality_passed
ADSK,2025-02-28,279.42,2025-03-13,251.85,2025-03-26,271.71,2025-04-07,237.63,1,1,1,2025-02-28,2025-03-26,2025-03-13,2025-04-07,204.0,222.0,213.0,230.0,18.0,-0.42833333333333534,-0.11602070445650803,0.0835753061482134,-0.14341623532382264,0.05646217986896962,0.18888888888888888,0.1,0.1,0.08888888888888889,49.79908626280699,30.801760832251503,0.49961139304164953,2.0162146862573107,0.0286197322630668,-0.0654334740579875,-0.12660156265885558,0.5707555333481091,0.19993357576534998,0.046351475731875036,0.6649604963684059,0.8452206935386651,0.9999999999999849,0.07104621889401865,1.0843415684075928,1.276510200845261,-0.0312942310406174,0.5990796022818823,0.49541261147180204,0.2765102008452609,0.8261541533042415,0.7948717948717948,0.9435378201310304,0.9724071290530383,0.9720420847536348,0.8805908478944268,0.027957915246365168,0.3518861575673059,0.9411764705882353,0.8227408860147851,0.027592870946961723,-0.21997147967466144,0.0009928035375121546,-0.42922604510887785,0.0,0.0,0.0,0.0,-1.3625505415703907,0.30712132687686916,0.1495598024479279,0.8805908478944268,0.7037723151346118,0.85,0.09866867081812333,0.07885646217986891,0.1254278458650767,1.0
AEO,2024-07-31,22.48,2024-08-05,18.79,2024-08-27,22.7,2024-09-09,18.84,0,0,0,2024-07-31,2024-08-27,2024-08-05,2024-09-09,205.0,224.0,208.0,232.0,19.0,0.011578947368420993,-0.19638105375199588,0.20808940926024477,-0.2054284193720064,0.0026609898882384627,0.26666666666666666,0.03333333333333333,0.17777777777777778,0.08888888888888889,61.52530190072833,37.52990773810513,1.2883665056878748,0.9773481376014255,0.06961953161485268,-0.09318693741609518,-0.08287647384580843,0.0007179624153408661,0.1309164202178481,0.06288607401277302,0.06273601734346905,0.6397729951336544,0.9407872886552695,0.04467479384309006,0.7114146763358744,1.2307690662834807,0.015073881302716963,0.7231695748634501,0.008397162028661809,-0.07377987760286364,0.6994126832527348,0.8148148148148149,0.9973460721868365,1.0097864768683273,0.9698423714471684,0.9823509198655065,0.030157628552831533,0.6226680449962172,0.5454545454545454,0.8955129186007228,0.0,-0.04988047466832344,-0.0011645135955761683,-0.3809142651873486,0.125,0.0,0.0,0.0,2.1253727387035153,0.42442027773590185,0.1722466960352423,0.9823509198655065,1.2453360899924344,0.825,0.16414590747330965,0.20808940926024483,0.1700440528634361,1.0
AMC,2025-05-30,3.56,2025-07-01,2.82,2025-07-21,3.56,2025-08-06,2.78,0,0,0,2025-05-30,2025-07-21,2025-07-01,2025-08-06,205.0,239.0,226.0,251.0,34.0,0.0,-0.26618705035971235,0.26618705035971235,-0.28057553956834536,0.014184397163120581,0.2777777777777778,0.23333333333333334,0.14444444444444443,0.13333333333333333,60.50209753670581,35.95872119559161,1.0300576453169132,0.7342400554571339,0.11164972197173095,-0.11997467887502133,-0.12319435825693947,2.8915951060558377e-07,-0.21853319640084945,0.1535672333315239,0.0008288692063563585,0.23905070550444582,0.16247645090559348,0.08532255669227885,1.4405771420939943,0.864219737477642,0.007481448748125834,0.6375961340634435,-0.14524865685600363,-0.20540713936893507,0.5261669409462166,0.7101449275362319,0.9858156028368794,1.0,0.9242343849433093,0.9736842105263158,0.07576561505669067,0.6145949981336319,0.7272727272727273,0.8577833637512858,0.0,0.10610930380622625,-0.0039455787149150715,-0.5940836293222056,1.0,0.18181818181818182,0.0,0.0,1.9039976009131216,0.4574419853123126,0.21910112359550568,0.9736842105263158,1.2291899962672639,0.35,0.2078651685393259,0.2624113475177306,0.21910112359550568,1.0
AMD,2025-02-20,114.17,2025-03-04,96.0,2025-03-25,114.81,2025-04-08,78.21,1,1,1,2025-02-20,2025-03-25,2025-03-04,2025-04-08,204.0,227.0,212.0,237.0,23.0,0.027826086956521764,-0.2323232323232325,0.24050632911392422,-0.4679708477176834,0.18531250000000007,0.2777777777777778,0.08888888888888889,0.16666666666666666,0.1111111111111111,63.16553361126375,23.009916916922933,0.8209593005774031,1.8245807991280873,0.11805231949939143,-0.22808542468559778,-0.25906488147535756,0.26468486709852973,0.3633467523678646,0.0304949744954377,0.635321300157663,0.8523467835356174,0.9999999999999315,0.0897961093504471,0.8505206741213236,1.049419573436751,0.009105771296758903,0.7599027654258514,0.24652375682811845,-0.029579601419351786,0.8102639123748488,0.9292929292929293,0.8146874999999999,1.0056056757466936,0.959824518813862,0.6659827733394041,0.04017548118613803,0.40996580710446623,0.8888888888888888,0.790878877628632,0.0,-0.4444114772291667,-0.0030786464653819842,-0.5429523069759227,0.0,0.0,1.0,0.7218991397106804,-1.053895126714095,0.37541620504305406,0.3187875620590542,0.6659827733394041,0.8199316142089325,0.675,0.15914863799597093,0.19593750000000001,0.3187875620590542,0.0
AMGN,2025-02-06,309.49,2025-02-11,290.56,2025-02-25,315.63,2025-02-27,305.3,0,0,0,2025-02-06,2025-02-25,2025-02-11,2025-02-27,205.0,217.0,208.0,219.0,12.0,0.5116666666666655,-0.0651500550660793,0.0862816629955947,-0.03555203744493385,0.05072962555066082,0.12222222222222222,0.03333333333333333,0.1,0.022222222222222223,75.49348887702749,62.95620442053777,1.3401810258952678,0.9846279726955217,0.07612435951557672,0.033040625670819335,0.10173653202308408,0.3331253249147485,0.04903513667557058,0.0868160997996732,0.5765920805377156,0.8208419250975946,0.9999999999712548,0.05618013536355227,0.8432860385682468,0.9881409219653001,0.002910807239582093,0.8116753640859533,-0.03725679912715818,-0.011859078034699877,0.7298865695648664,0.8095238095238094,0.9517196200458565,1.0198390901159973,0.9788005208493538,0.6971356100447406,0.021199479150646284,0.9189327560216918,0.8,0.8869450520385292,0.0,0.6281466866718077,-0.0020630989131666735,-0.6885670791716796,1.0,0.3333333333333333,0.0,0.0,1.8967530313546048,0.2979776818000889,0.07942844469790576,0.6971356100447406,1.8378655120433836,0.85,0.06116514265404377,0.08628166299559469,0.03272819440484106,1.0
ASML,2024-07-17,978.58,2025-08-05,775.0,2024-08-21,845.05,2024-09-09,764.08,0,0,0,,,,,,,,,,,,,,,,,,,,,,,,,,,,,,,,,,,,,,,,,,,,,,,,,,,,,,,,,,,,,,,,,,
AVGO,2024-07-11,176.47,2024-08-05,129.61,2024-08-22,170.84,2024-09-06,137.0,1,1,0,2024-07-11,2024-08-22,2024-08-05,2024-09-06,205.0,235.0,222.0,245.0,30.0,-0.1876666666666665,-0.3615461769925159,0.3181081706658435,-0.2610909652033022,0.05701720546254136,0.25555555555555554,0.18888888888888888,0.14444444444444443,0.1111111111111111,54.780925711937634,34.708324838501596,1.147715265611976,3.076593259883058,0.057844562792874976,-0.1346612161860954,-0.13583401596060007,0.03354300312030142,0.2753996101396383,0.15886476997878463,0.17207886034521927,0.7095509274455567,0.997835922679417,0.06593094988079139,0.5779416535601877,0.694804700906436,-0.0031205519031775267,0.7808486635880534,-0.13732163532293684,-0.305195299093564,0.7224154725152898,0.7666666666666667,0.946058394160584,0.9680965603218677,0.9449016509436919,0.8544914574103374,0.05509834905630811,0.6861384580726149,0.7407407407407407,0.8571678319318452,0.03190343967813225,0.321527202011624,0.0025688631405236255,-0.3877763378754877,1.0,0.47058823529411764,1.0,0.6216742421978426,4.158968617177293,0.4637019975468635,0.2655408851362837,0.8544914574103374,1.3722769161452297,0.5,0.2655408851362837,0.31810817066584357,0.19808007492390542,1.0
B,2024-08-26,20.7,2024-09-06,19.0,2024-09-26,21.01,2024-10-09,19.52,0,0,0,2024-08-26,2024-09-26,2024-09-06,2024-10-09,205.0,227.0,213.0,236.0,22.0,0.014090909090909194,-0.08947368421052637,0.10578947368421066,-0.07842105263157917,0.027368421052631556,0.25555555555555554,0.08888888888888889,0.15555555555555556,0.1,64.0070205554435,45.871651449323096,1.560433718875747,0.8108358936284543,0.04561179371262414,-0.02961503532953136,0.0037340205223097556,0.02318802183130851,-0.057905582574127035,-0.002464727610187456,0.5240601016611633,0.8542504825779608,0.999999999960087,0.056802459589611956,0.9054971120326695,0.8860430067176648,0.0061574629950019825,0.847958245619637,-0.21601041112495578,-0.26056609140231135,0.8563092785218975,0.9354838709677419,0.9733606557377049,1.0149758454106281,0.972911463516268,0.9267728365384624,0.02708853648373196,0.6912347150177129,0.9411764705882353,0.916365936740468,0.0,0.741819180723338,0.001424693451460859,-0.5964134716228771,0.25,0.0,1.0,0.532932692268629,2.4239065016337293,0.35017841690513074,0.09566872917658265,0.9267728365384624,1.3824694300354259,0.725,0.08212560386473426,0.10578947368421061,0.07091861018562598,1.0
BMO,2024-07-29,87.5,2024-08-05,77.56,2024-08-26,88.77,2024-08-28,81.88,0,0,0,2024-07-29,2024-08-26,2024-08-05,2024-08-28,205.0,225.0,210.0,227.0,20.0,0.0634999999999998,-0.128158844765343,0.14453326456936555,-0.08883445074780805,0.05569881382155741,0.18888888888888888,0.05555555555555555,0.16666666666666666,0.022222222222222223,67.99767966641267,41.216931545357774,2.1360471737972335,1.4634270621905547,0.06014279551109647,-0.021177138360692793,-0.026007375190838733,3.894696441401021e-05,0.004507975903735195,0.04550310810739022,0.005193345364486666,0.3468954653327044,0.4106265690590736,0.024576204528597986,1.0749810496631347,2.6822722028154278,0.016072089786307413,0.5347694270376402,0.754421303535806,0.5014320977183617,0.5144522650399366,0.7575757575757576,0.9472398632144603,1.0145142857142857,0.9680970704418319,0.8118168484633687,0.03190292955816805,0.7558626311527578,0.5714285714285714,0.8655013068716435,0.0,-0.060093467038803125,-0.0008158692585565572,-0.3057132637879073,1.0,0.3888888888888889,0.0,0.0,1.92644691735739,0.3518291057752577,0.1262814013743381,0.8118168484633687,1.5117252623055155,0.95,0.11359999999999998,0.14453326456936558,0.07761631181705532,1.0
BRK.B,2025-06-25,494.5,2024-07-15,470.13,2025-07-28,486.9,2025-08-04,459.11,1,1,1,,,,,,,,,,,,,,,,,,,,,,,,,,,,,,,,,,,,,,,,,,,,,,,,,,,,,,,,,,,,,,,,,,
C,2024-04-01,63.6,2024-04-16,57.02,2024-05-21,64.74,2024-06-11,59.14,0,0,0,2024-04-01,2024-05-21,2024-04-16,2024-06-11,205.0,241.0,216.0,255.0,36.0,0.03166666666666648,-0.11539810592774469,0.1353910908453173,-0.09821115398105928,0.037179936864258106,0.43333333333333335,0.12222222222222222,0.2777777777777778,0.15555555555555556,65.1803074464915,34.22459494263107,1.0171038809036865,1.6363249715855528,0.03341151606641346,-0.055324381337161666,-0.03949206359030755,0.01316768513185352,-0.009052054872564885,-0.07065751331673009,0.23744061427385085,0.7758012288374992,0.9999674655891814,0.0307045917682264,0.7871090697757545,0.6787528045692387,-0.009789474004862872,0.7871076838097185,-0.3299355966583022,-0.3212471954307613,0.8797262920071122,0.96,0.9641528576259724,1.0179245283018867,0.9689965473997076,0.9107213815471521,0.031003452600292348,0.7127386213222794,0.88,0.9188063516868348,0.0,0.8387276640582116,0.0038406146177134234,-0.7324216355340101,0.625,0.0,1.0,0.9468808588399441,1.3564195433073931,0.363620728924814,0.11924621563175768,0.9107213815471521,1.4254772426445588,0.25,0.10345911949685532,0.13539109084531728,0.08649984553599004,1.0
CAT,2024-11-06,416.88,2024-11-19,378.03,2024-11-27,408.4,2025-01-10,351.0,0,0,0,2024-11-06,2024-11-27,2024-11-19,2025-01-10,207.0,222.0,216.0,250.0,15.0,-0.5653333333333346,-0.11068376068376073,0.0865242165242166,-0.16353276353276347,0.07150226172525984,0.37777777777777777,0.1,0.06666666666666667,0.3111111111111111,59.26106173386948,27.615895111489834,0.6161633401002461,1.4546150558610147,0.03053309190948239,-0.04473158158264068,-0.08284685326492225,0.16625474454291575,-0.16289902695589586,-0.04612287440038909,0.32874581919575413,0.7868385608064195,0.999999340112793,0.03845826489062616,0.9050728144940758,0.7680611396838934,-0.007621453118922381,0.7221239500275308,-0.22326159902474962,-0.23193886031610655,0.8107483743538519,0.4651162790697675,0.9284977382747401,0.9796584148915755,0.9756536979765433,0.7973986444413022,0.024346302023456674,0.3437035833840257,0.4864864864864865,0.7402264490505736,0.020341585108424542,0.4557926267277579,0.0015454780972444374,-0.31403322339819273,1.0,0.125,0.0,0.0,-0.5989041743420107,0.29421302428213675,0.15803108808290153,0.7973986444413022,0.6874071667680514,0.42500000000000004,0.09319228554979855,0.08033753934872895,0.14054848188050925,1.0
COF,2025-03-04,192.06,2025-03-10,163.87,2025-03-26,184.84,2025-04-07,144.94,1,1,1,2025-03-04,2025-03-26,2025-03-10,2025-04-07,204.0,220.0,208.0,228.0,16.0,-0.45124999999999993,-0.19449427349247972,0.14468055747205733,-0.2752863253760176,0.1155183987307012,0.2222222222222222,0.044444444444444446,0.13333333333333333,0.08888888888888889,48.73075500509647,34.68312826870424,0.6393856367046715,1.5569868841222263,0.012947036249195909,-0.09906921553045178,-0.17179885675653261,0.2069054127273085,0.6765164862321451,0.19806423879527468,0.47548588020092525,0.7825298346500474,0.999999946660044,0.07891155328675925,1.4754230652629559,1.7619554564237103,0.011609364581562994,0.5185209249987325,1.238914370587504,0.7619554564237103,0.8400081625245329,0.8888888888888888,0.8844816012692988,0.962407580964282,0.9724561332991796,0.8094930790467882,0.02754386670082041,0.35287750144192126,0.6666666666666667,0.8163677984932037,0.03759241903571797,0.15618506508259763,0.0030642523673840892,-0.5668824414072597,0.0,0.0,0.0,0.0,-0.03705203529504308,0.33914577077626223,0.24533999791731753,0.8094930790467882,0.7057550028838425,0.9,0.1467770488389045,0.12796729114542013,0.2158623674529323,1.0
CRWD,2025-02-27,401.64,2025-03-10,308.86,2025-03-25,384.95,2025-04-07,300.06,1,1,1,2025-02-27,2025-03-25,2025-03-10,2025-04-07,204.0,222.0,211.0,231.0,18.0,-0.9272222222222221,-0.3092048257015263,0.2535826168099713,-0.28291008464973677,0.028491873340672186,0.2222222222222222,0.07777777777777778,0.12222222222222222,0.1,54.06480658147729,37.96658052498017,0.7600071745933727,1.4222980829365321,0.06229078429937429,-0.09010007588671731,-0.15451086397141656,0.059639024426649645,0.28685924476286373,0.05751783128160315,0.10333571427985251,0.6834083027460817,0.9858227390723704,0.09130201558837366,1.5285508252764275,1.213158637740658,-0.034968413982208194,0.5474632240427912,0.32715234483302424,0.21315863774065802,0.8173671886550493,0.8765432098765432,0.9715081266593278,0.9584453739667363,0.9514808675515959,0.9767881254888512,0.04851913244840414,0.5456122130970956,0.875,0.8844159413159315,0.04155462603326365,0.2613199632370033,0.00399080107676219,-0.5751408208236451,0.5,0.0,1.0,0.8823981748713051,1.803395874317401,0.45996276326221386,0.2529130564684792,0.9767881254888512,1.0912244261941912,0.825,0.23100288815854989,0.24635757301042535,0.22052214573321208,1.0
D,2023-08-29,49.56,2023-09-06,45.95,2023-09-18,48.63,2023-10-06,40.52,0,0,0,2023-08-29,2023-09-18,2023-09-06,2023-10-06,205.0,218.0,210.0,232.0,13.0,-0.07153846153846152,-0.08909180651530124,0.06614017769002967,-0.20014807502467913,0.11817192600652882,0.24444444444444444,0.05555555555555555,0.08888888888888889,0.15555555555555556,53.77685960073032,27.840113673792786,0.827223471620378,1.1761464892841558,0.019924491232237607,-0.09037367428375487,-0.12100451654883804,0.09468890954398534,0.37021836502074046,0.05022220600273153,0.7678942239982909,0.8695424364966599,1.0,0.06147491904286646,1.7348289586125125,1.7466536481530328,0.02682538626546509,0.6540885120140689,1.1600743178515218,0.5036981693520803,0.8420190368806172,0.6419753086419753,0.8818280739934712,0.9812348668280871,0.983818697636847,0.607995104296053,0.016181302363153016,0.24341282722905838,0.5263157894736843,0.7225179443647413,0.018765133171912862,-0.7269548067593141,-0.0009936157137271013,-0.062248276025746674,0.0,0.0,1.0,0.48477401720516056,-4.345202485524609,0.23036832716293745,0.18240516545601287,0.607995104296053,0.48682565445811676,0.825,0.07284100080710249,0.058324265505984754,0.166769483857701,1.0
DECK,2024-08-30,159.88,2024-09-06,143.33,2024-09-18,160.45,2024-09-20,147.98,0,0,0,2024-08-30,2024-09-18,2024-09-06,2024-09-20,205.0,217.0,209.0,219.0,12.0,0.04749999999999943,-0.11546780157678072,0.11944463824740104,-0.08700202330286766,0.03244261494453343,0.1111111111111111,0.044444444444444446,0.08888888888888889,0.022222222222222223,55.46637328644609,46.3189915096654,0.8459309981564392,2.4990802034894175,0.01828337082818421,-0.018761584654624186,-0.0063592962391032515,4.353097666278671e-07,0.12550285594575095,0.0009048306988235222,0.00011729963990316458,0.2255363091714331,0.0659924956631146,0.03988729511637746,0.7832087301680352,1.2632377021951782,0.011425992084428297,0.7159230661327877,-0.05812512945571935,-0.04678695789806897,0.7114225003922917,0.8571428571428572,0.9685768347073931,1.0035651738804103,0.9724813614843744,0.8576634990417933,0.02751863851562563,0.6590628912926626,0.6666666666666667,0.8842020790266818,0.0,0.27907198668156713,0.0005292476511256404,-0.6325144629675425,1.0,0.21739130434782608,1.0,0.05498296818556553,7.223858919867979,0.3499332516161884,0.10669990651293224,0.8576634990417933,1.3181257825853252,0.85,0.1035151363522641,0.11944463824740092,0.07771891555001557,1.0
DELL,2024-03-01,124.66,2024-03-14,106.45,2024-04-08,132.95,2024-04-19,114.87,0,0,0,2024-03-01,2024-04-08,2024-03-14,2024-04-19,205.0,230.0,214.0,239.0,25.0,0.3315999999999997,-0.1710662282761859,0.24894316580554232,-0.1698449976514793,0.07909816815406295,0.2777777777777778,0.1,0.17777777777777778,0.1,65.15711798310478,47.69272870041943,1.3616750278690926,1.146384426173268,0.10015622003377622,-0.04275802679507312,0.059625700562095485,0.6180757364144962,0.8692599399544045,0.1913106849147337,0.9184046653517804,0.8100749273215927,1.0,0.15980891326834656,2.068263848092218,1.6836147041757616,-0.08286624470860962,0.3098124352940094,0.5676920598706479,0.6836147041757616,0.7337434148521276,0.9607843137254902,0.9266997475406982,1.0665008824001283,0.9294471644061247,0.9642414403490763,0.07055283559387528,0.8825634143646987,1.0,0.9332143189388701,0.0,1.6154739346578075,0.002509884211092515,-0.11458419827642063,0.0,0.0,1.0,0.7794514416676802,1.690846215711534,0.4205895348984562,0.19932305377961632,0.9642414403490763,1.7651268287293973,0.65,0.14607733033852072,0.24894316580554238,0.1359909740503948,1.0
DUK,2024-10-21,121.05,2024-11-15,109.47,2024-11-27,117.68,2024-12-18,105.76,1,1,1,2024-10-21,2024-11-27,2024-11-15,2024-12-18,206.0,233.0,225.0,247.0,27.0,-0.12481481481481446,-0.10949319213313169,0.07762859304084735,-0.11270801815431164,0.033890563624737316,0.24444444444444444,0.2111111111111111,0.08888888888888889,0.15555555555555556,63.32860027656133,27.600986584307364,0.6515749792158168,1.511378865896747,0.039495131276964024,-0.059764789741493796,-0.06775848301637888,0.011057199444201608,-0.012534339434387864,0.03348315767690191,0.16527271849827388,0.7489331504234343,0.9985922463129717,0.02778409647724276,0.953456009501607,0.9319338519783823,0.004501328458468842,0.7785525889087543,0.22588520452116967,-0.07596174245489562,0.8358687542400502,0.5934959349593496,0.9661094363752627,0.972160264353573,0.9870107827633126,0.9714213859289097,0.012989217236687457,0.3807868463874233,0.8484848484848485,0.8098104766239638,0.027839735646427055,0.43640207910866896,0.0016984814218307378,-0.53443101301987,1.0,0.3076923076923077,0.0,0.0,-0.09270376985709883,0.32287275583977765,0.1263114415530772,0.9714213859289097,0.7615736927748465,0.475,0.0956629491945477,0.0749977162692976,0.10129163834126445,1.0
DUOL,2024-06-18,213.97,2024-08-05,145.84,2024-08-26,212.7,2024-09-04,202.44,0,0,0,2024-06-18,2024-08-26,2024-08-05,2024-09-04,206.0,253.0,238.0,259.0,47.0,-0.027021276595744898,-0.4671557871640153,0.45844761382336796,-0.07035106966538662,0.3880965441579813,0.23333333333333334,0.35555555555555557,0.16666666666666666,0.06666666666666667,64.25795955623886,57.83575918607723,0.6555953868836019,0.4274671080698282,0.1210138988232845,0.03416806204581824,0.08928102039541264,5.125120386347054e-06,-0.24264254979359312,-0.20145098521151894,0.0002583189503130663,0.2157389534189558,0.10942590429289711,0.08149241723869466,0.7979543897149851,0.4004043039272994,-0.008127587751167833,0.6187526643656154,-0.6152049323252861,-0.5995956960727006,0.6904073416364225,0.5283018867924529,0.720410985971152,0.994064588493714,0.9134395479848298,0.26312543121470156,0.08656045201517017,1.0,0.3157894736842105,0.7035918255296914,0.005935411506285959,0.38664325427853286,-0.00014167007129779188,-0.15394263418168908,1.0,0.25,1.0,0.0027649390925719567,-13.994931059956013,0.3933303895227166,0.3184091227742207,0.26312543121470156,2.0,0.17500000000000004,0.3184091227742207,0.45844761382336796,0.048236953455571184,0.0
GME,2024-07-16,28.54,2024-08-05,18.83,2025-08-19,22.66,2025-08-28,19.9,0,0,0,2024-07-16,2025-08-19,2024-08-05,2025-08-28,205.0,479.0,219.0,486.0,274.0,-0.021459854014598538,-0.5156664896441849,0.20339883165161998,-0.14657461497610225,0.05682421667551781,2.966666666666667,0.15555555555555556,2.888888888888889,0.07777777777777778,45.76078502385796,48.030253559248656,0.8588897056026998,1.2126796041856276,-0.0005255901661809226,0.004540090043804845,-0.013727283985602634,0.029235665719124906,-0.6324331247966672,0.04287720109677706,0.39659020266796846,0.6917192845030071,0.999999878841047,0.09284626453523803,0.17590725420651313,0.0915314340125756,0.00015083185883167015,0.8160568451031199,-0.9051030454349516,-0.9084685659874244,0.5040486785665406,0.4329774614472123,0.9462311557788945,0.7939733707077786,0.864139302014542,0.5272467444670164,0.13586069798545794,0.4402336024214995,0.6666666666666667,0.684310158771079,0.20602662929222137,0.22284985505384725,0.007541230582077211,-0.5557125996427907,0.375,0.3333333333333333,0.0,0.0,-1.4307737133748,0.3714229678907459,0.3402242466713385,0.5272467444670164,0.880467204842999,0.0,0.3402242466713385,0.20339883165161987,0.12180052956751992,1.0
HOOD,2025-03-05,48.12,2025-03-10,35.63,2025-03-25,48.75,2025-04-07,30.67,1,1,1,2025-03-05,2025-03-25,2025-03-10,2025-04-07,204.0,218.0,207.0,227.0,14.0,0.045000000000000186,-0.4072383436582978,0.4277795891750895,-0.5895011411803064,0.13920853213584058,0.2222222222222222,0.03333333333333333,0.12222222222222222,0.1,54.68363366869523,36.347488790379806,0.8589121450948533,1.5705183359345527,0.10203244822088875,-0.14185660471243045,-0.2554198135512784,0.031401574352400444,0.25127772512232993,0.1772433242038325,0.2190010764132685,0.733249543118458,0.9994802031423278,0.14708207180399624,1.744972545943228,1.7852075374653829,0.012330842699300099,0.6798661458282453,0.9545151459678414,0.7852075374653829,0.7420078788925519,0.8115942028985507,0.8607914678641594,1.0130922693266833,0.9276197023989794,0.8234345716142116,0.07238029760102056,0.5840907036146069,0.5,0.8205504244298175,0.0,0.22533011191020844,0.008430858254701874,-0.6403283432191593,0.125,0.0,0.0,0.0,-0.007153316639148548,0.5046366585251956,0.37087179487179484,0.8234345716142116,1.1681814072292138,0.925,0.2595594347464671,0.36822902048835243,0.37087179487179484,0.0
JPM,2025-02-28,264.65,2025-03-13,225.19,2025-03-26,252.6,2025-04-07,205.77,1,1,1,2025-02-28,2025-03-26,2025-03-13,2025-04-07,204.0,222.0,213.0,230.0,18.0,-0.6694444444444435,-0.1917675074111873,0.13320697866550035,-0.2275841959469309,0.08623828766819125,0.18888888888888888,0.1,0.1,0.08888888888888889,54.43208590576197,30.44325420156389,1.0213247179315044,1.7067526309556351,0.032900789015295695,-0.08871614931321281,-0.14904665920921412,0.17969807255959738,0.6316356917409638,0.09490894456189225,0.3680070287370105,0.7854848600886579,0.9999990222751509,0.06524656176522703,1.2834704350264547,1.5696685978625544,0.013471763965231857,0.6419538815876953,0.7583733145075378,0.5372673281155036,0.8276585389912493,0.7948717948717948,0.9137617123318087,0.954468165501606,0.971569285129857,0.8915099221952103,0.02843071487014299,0.3638906841180632,0.9411764705882353,0.8186171992867664,0.04553183449839404,0.061567810253729684,0.002478694573499056,-0.43567915294067006,0.0,0.0,1.0,0.8759500287503501,0.4287893873467101,0.34767758467383425,0.22248252408841857,0.8915099221952103,0.7277813682361264,0.85,0.1491025883242017,0.12171943691993427,0.18539192399049875,1.0
KLG,2024-06-26,16.96,2024-07-10,15.49,2024-07-17,16.56,2024-07-19,15.93,0,0,0,2024-06-26,2024-07-17,2024-07-10,2024-07-19,187.0,201.0,196.0,203.0,14.0,-0.028571428571428723,-0.09489993544222086,0.06907682375726276,-0.04067140090380894,0.028405422853453807,0.07777777777777778,0.1,0.05555555555555555,0.022222222222222223,43.679952060521686,37.09241215174463,0.5529384351984115,0.731110144830585,-0.0023194482676109907,-0.03105133905567503,-0.125648746652826,0.13049202480062227,-0.09026595858423514,-0.003400207902749086,0.9315918727341541,0.8365065284098583,1.0,0.1393098699712264,1.0222377520261179,0.9488594286191107,-0.15090505760991407,0.31218553646893893,-0.04420431195435626,-0.051140571380889344,0.82603581692101,0.5833333333333333,0.9723791588198368,0.9764150943396225,0.9859999594934649,0.6100719424460423,0.014000040506535144,0.553864078339836,0.36363636363636365,0.7808518493628738,0.02358490566037752,0.2882554567946377,0.0044756943554293905,-0.8917592078968266,0.25,1.0,0.0,0.0,-1.8286922678845376,0.2880573250338676,0.08667452830188682,0.6100719424460423,1.107728156679672,0.9,0.08667452830188682,0.06907682375726265,0.038043478260869505,1.0
KO,2025-03-03,72.32,2025-03-14,68.51,2025-04-03,73.18,2025-04-07,66.23,0,0,0,2025-03-03,2025-04-03,2025-03-14,2025-04-07,204.0,227.0,213.0,229.0,23.0,0.03739130434782668,-0.0575268005435603,0.07051185263475768,-0.10493733957421103,0.03327981316596119,0.17777777777777778,0.1,0.15555555555555556,0.022222222222222223,67.89973002576775,44.2329003164954,1.2966733250385085,1.7473863214983951,0.042375421145737,-0.02368129374492467,-0.00021363078089620124,0.1426312186950694,0.4851030964171823,0.019866231776010768,0.7684531600077883,0.8834707123398375,1.0,0.0580786393376439,1.0551078957583417,1.6839904354549111,-0.0033476091637050275,0.678711294992009,0.37165927768975826,0.31611243815614154,0.8646701973376996,0.7733333333333333,0.9667201868340388,1.0118915929203542,0.9847507295163047,0.7135950843558247,0.015249270483695327,0.46165570721109483,0.36363636363636365,0.8188220144892905,0.0,0.5108991165583239,-0.000691266386284713,-0.6806427950035714,0.25,1.0,0.0,0.0,8.599880678087427,0.29474217391292196,0.09497130363487295,0.7135950843558247,0.9233114144221897,0.875,0.05268252212389365,0.06816523135308716,0.09497130363487295,1.0
LYV,2023-10-09,87.76,2023-10-27,77.0,2023-11-20,89.82,2023-12-05,81.41,0,0,0,2023-10-09,2023-11-20,2023-10-27,2023-12-05,205.0,235.0,219.0,245.0,30.0,0.06866666666666627,-0.13974025974025972,0.16649350649350647,-0.10922077922077933,0.057272727272727225,0.28888888888888886,0.15555555555555556,0.17777777777777778,0.1111111111111111,69.18443508029128,36.0151204827419,1.079412917822951,0.9009719939481676,0.06606215511708191,-0.05994152286348975,-0.03343840155231148,0.009022366292739467,-0.24626524280176687,-0.08270424370193497,0.12161967218653542,0.7182363028251817,0.9960833440584246,0.03957767792532386,1.3812938751325445,0.9918302629812695,0.004959165022293466,0.6759501490780329,0.041719662967890425,-0.12654688284284343,0.7400081923679372,0.8666666666666667,0.945829750644884,1.0234731084776663,0.9530128381443912,0.8660027709775765,0.04698716185560878,0.7699519813762371,0.8333333333333334,0.8934371933837242,0.0,0.44643824670782695,0.0010749105529047343,-0.5111106624805544,1.0,0.25,0.0,0.0,-0.0638690873255585,0.37090191141725115,0.1427299042529503,0.8660027709775765,1.5399039627524742,0.5,0.12260711030082047,0.16649350649350642,0.09363170786016474,1.0
MCD,2023-08-25,284.76,2023-09-06,275.44,2023-09-14,284.76,2023-10-12,246.19,0,0,0,2023-08-25,2023-09-14,2023-09-06,2023-10-12,205.0,218.0,212.0,238.0,13.0,0.0,-0.037856939761972574,0.037856939761972574,-0.15666761444412858,0.10619372640139413,0.28888888888888886,0.07777777777777778,0.06666666666666667,0.2222222222222222,55.640705577200194,22.33561836152792,0.9102951067075671,1.1487987965988289,0.015115526168764992,-0.06247979447007668,-0.10364783179053616,0.533385095087093,0.2771342576266518,0.03465200049197814,0.859031935318895,0.9003722370903369,1.0,0.047226413335631726,1.0618934617440567,1.355712550750875,0.012207495144794401,0.7073133437687827,0.5872337792370357,0.17613345351336473,0.8679001422286174,0.5252525252525253,0.8938062735986059,1.0,0.9948456906256734,0.3892253079974941,0.005154309374326615,0.20119771766149872,0.5185185185185186,0.6657769499554238,0.0,-0.2922388985356212,0.0005620129017750402,0.3257216523853774,0.0,0.0,0.0,0.0,-3.3121888152438306,0.1624741119008771,0.1354473942969518,0.3892253079974941,0.40239543532299743,0.675,0.0327293159151566,0.03383677025849547,0.1354473942969518,1.0
MDB,2021-12-21,563.33,2022-01-27,351.51,2022-02-11,450.72,2022-03-08,280.04,1,1,0,2021-12-21,2022-02-11,2022-01-27,2022-03-08,209.0,245.0,234.0,261.0,36.0,-3.128055555555556,-0.7563919440079991,0.3542708184545067,-0.6094843593772319,0.2033228073170037,0.3,0.2777777777777778,0.12222222222222222,0.17777777777777778,51.70516063129557,26.437656958962762,0.9704920746596035,2.127561666441872,0.0803818306364188,-0.2662610248092834,-0.3125798067516298,1.956020819076013,0.011921435844918005,0.1245748865440337,0.719145227557006,0.8434950813310222,0.9999999999999891,0.15863801869517355,1.2844946178473131,1.4681409351061412,0.010285869538759632,0.5998270329694643,1.1775282661036197,0.3778581946287869,0.6883058690483853,0.6153846153846154,0.7966771926829963,0.8000994088722418,0.9357823055059138,0.9964635653187879,0.0642176944940862,0.3739771860710119,0.7804878048780488,0.7617579103326206,0.19990059112775815,-0.19797759296070253,0.003929836779413869,-0.084950920838747,0.0,0.0,0.0,0.0,-1.891447875651912,0.5019626749258072,0.5028846324534465,0.9964635653187879,0.7479543721420238,0.19999999999999996,0.37601405925478854,0.28223948109584374,0.37868299609513667,0.0
MRK,2024-09-06,119.1,2024-09-09,113.15,2024-09-17,118.97,2024-09-26,113.09,0,0,0,2024-09-06,2024-09-17,2024-09-09,2024-09-26,204.0,211.0,205.0,218.0,7.0,-0.018571428571427923,-0.05261296312671315,0.0514634362012556,-0.05199398708992842,0.0005302695536898124,0.14444444444444443,0.011111111111111112,0.06666666666666667,0.07777777777777778,57.13687856882014,38.622113110375594,0.9548517699061664,1.135395051610952,0.020580911237424893,-0.025281488153387044,-0.028620718624772445,0.08089812332687538,-0.09376871108346962,-0.007006420865809826,0.4242841756220015,0.7906096530651635,0.9999999887906036,0.044692462221793676,1.0216031406068582,1.157025562784131,0.0020303215188445627,0.7154274394935851,0.1999872992469227,0.15702556278413105,0.7052433626660035,0.6666666666666667,0.9994697304463102,0.9989084802686818,0.9897739797548325,0.994628880764136,0.01022602024516748,0.5175587219699962,0.25,0.8574724012937389,0.001091519731318158,0.11434571578312278,-0.0007681201779916441,-0.6951737685890004,1.0,0.13043478260869565,1.0,0.3373166303667182,-0.6764635287936215,0.334427718328453,0.05046179680940379,0.994628880764136,1.0351174439399924,0.85,0.049958018471872284,0.05143614670790979,0.04942422459443553,1.0
MRNA,2025-01-28,44.94,2025-02-14,30.53,2025-02-20,36.23,2025-03-04,29.77,0,0,0,2025-01-28,2025-02-20,2025-02-14,2025-03-04,205.0,221.0,218.0,229.0,16.0,-0.544375,-0.4840443399395362,0.1914679207255625,-0.21699697682230434,0.024893547330494644,0.12222222222222222,0.14444444444444443,0.03333333333333333,0.08888888888888889,43.92729097143113,37.76588643776768,0.8652730550276724,0.6653208508503884,-0.07221104067578321,-0.07685056973693316,-0.1796614174033767,0.11834340360926227,-0.10842529994898098,0.1312792135912575,0.6744627609487077,0.8191190393159871,0.9999999999996806,0.12000181950272283,1.7026616290550491,1.0717845845321223,-0.015269816862356045,0.6589805704612783,-0.11318217909070094,0.07178458453212233,0.631786108109235,0.5,0.9751064526695054,0.806186025812194,0.961088033341801,0.7147148026918707,0.03891196665819899,0.37418523681903715,0.7619047619047619,0.7473836274294628,0.193813974187806,-0.043130728855276634,-0.007928477538957337,-0.7717274759934242,0.0,0.0,1.0,0.8981199110091114,-0.26417219847432893,0.38196168587629514,0.3375611927013796,0.7147148026918707,0.7483704736380743,0.9,0.3206497552291944,0.18670160497870933,0.1783052718741374,1.0
MS,2025-03-03,133.33,2025-03-10,111.69,2025-03-26,125.77,2025-04-07,96.27,1,1,1,2025-03-03,2025-03-26,2025-03-10,2025-04-07,204.0,221.0,209.0,229.0,17.0,-0.4447058823529422,-0.22478446037187094,0.1462553235691284,-0.3064298327620234,0.13806070373354823,0.2222222222222222,0.05555555555555555,0.13333333333333333,0.08888888888888889,47.88457236214473,29.44544801939331,0.6107847730248538,2.2228646734824906,0.014714172454651786,-0.12847866542903374,-0.2005487688465346,0.22758567131956678,0.6790296866738053,0.09861628574108261,0.5842380286013201,0.8233184780318211,0.9999999999734773,0.08317798165208708,1.3038852354943045,1.678075756355534,0.02002903854515755,0.6091455024287636,0.9868820689120985,0.5426893169370737,0.7993744776429924,0.9066666666666666,0.8619392962664518,0.9432985824645614,0.9677737420066783,0.8179427789259215,0.032226257993321676,0.3176522336579872,0.7692307692307692,0.8091008447892022,0.05670141753543856,0.03235878047697977,0.002712618960581394,-0.4897878278294433,0.0,0.0,0.0,0.0,-0.4827052747510769,0.33698993207185024,0.2779569489237232,0.8179427789259215,0.6353044673159745,0.875,0.16230405760144012,0.1260632106723968,0.23455514033553312,0.0
MU,2024-07-24,111.47,2024-08-07,86.8,2024-08-20,108.95,2024-09-09,86.27,1,0,0,2024-07-24,2024-08-20,2024-08-07,2024-09-09,205.0,224.0,215.0,237.0,19.0,-0.1326315789473682,-0.28596267532166464,0.2567520574939146,-0.26289556044975093,0.006105990783410151,0.24444444444444444,0.1111111111111111,0.1,0.14444444444444443,51.200889673355526,30.031728778364283,0.6587663605632718,0.9965570755217367,0.07079818299509388,-0.12096763004195288,-0.20420561454857644,0.84618055441216,-0.18976884887904566,0.1478941976439272,0.9673802017482389,0.8889545630968521,1.0,0.17038963885420322,0.9027924263021715,0.8313665061828679,-0.009676336882960365,0.8007190898301872,-0.16550543715172938,-0.1686334938171321,0.7404557989673735,0.7083333333333333,0.9938940092165899,0.9773930205436441,0.935935996179859,0.9693905567593131,0.06406400382014094,0.5941648813257984,0.8695652173913043,0.8586574837285457,0.022606979456355925,0.06524969942330976,0.004039547530583859,-0.5699146886074852,0.0,0.0,0.0,0.0,-1.9449215213458213,0.4561672314398274,0.22606979456355972,0.9693905567593131,1.1883297626515967,0.7,0.22131515205884994,0.2551843317972351,0.2081688848095457,1.0
NFLX,2025-02-18,1062.0,2025-03-10,866.68,2025-03-25,997.28,2025-04-07,827.85,1,1,1,2025-02-18,2025-03-25,2025-03-10,2025-04-07,204.0,229.0,218.0,238.0,25.0,-2.588800000000001,-0.23593646191942996,0.1577580479555476,-0.2046626804372773,0.044803156874509545,0.2222222222222222,0.15555555555555556,0.12222222222222222,0.1,58.09174602935168,37.074041671170534,0.6871199080739587,1.2650426682047047,0.05655935122300715,-0.06991123522068632,-0.10200693291646246,0.0002475224420362431,0.40989736060330073,0.16913779292868925,0.002055827171391848,0.32340233462051826,0.25169586648859266,0.06263686941935089,1.5252845478331316,1.1814095055146523,0.008096964055676361,0.7190481816757258,0.3295822665831656,0.1814095055146523,0.7082548407529368,0.7647058823529412,0.9551968431254905,0.9390583804143126,0.9688136557350909,0.9603599081021974,0.03118634426490912,0.4259074400614852,0.782608695652174,0.841883903410286,0.060941619585687445,0.3970769951593695,0.003619501496067881,-0.573621144277408,1.0,0.3,1.0,0.8850187561384071,2.497650714410355,0.3894564212550369,0.22048022598870054,0.9603599081021974,0.8518148801229704,0.65,0.18391713747645955,0.15068998938477873,0.16989210652976092,1.0
NKE,2024-12-11,78.85,2025-01-17,70.84,2025-01-30,78.33,2025-02-07,70.56,1,0,0,2024-12-11,2025-01-30,2025-01-17,2025-02-07,207.0,239.0,231.0,245.0,32.0,-0.016249999999999876,-0.11352040816326525,0.1061507936507935,-0.11011904761904745,0.0039525691699604905,0.15555555555555556,0.26666666666666666,0.08888888888888889,0.06666666666666667,64.48725526957494,33.00767452141665,0.9063674179614901,2.033374724317512,0.06902323231248775,-0.06724067503145126,-0.08984059060595928,0.013327771860333262,0.3216979387547223,-0.004016894233240587,0.20551595371027553,0.7351033860152323,0.9997642709720799,0.034032805599488146,1.0600657269670004,1.4875328882979129,0.00014889052692828084,0.5808238770650499,0.5599088527231428,0.2994688496540916,0.8501106112794408,0.4912280701754387,0.9960474308300395,0.9934051997463539,0.9786675679298863,0.9880985846324756,0.021332432070113684,0.5265997571208567,0.4,0.819129114988069,0.006594800253646116,-0.053943420490363894,5.4578537625201815e-05,-0.520814634791855,0.0,0.0,1.0,0.0007368316717133988,16.022211715050855,0.3698830582407625,0.10513633481293586,0.9880985846324756,1.0531995142417134,0.55,0.10158528852251099,0.1057312252964426,0.09919571045576403,1.0
NVDA,2024-07-11,135.75,2024-08-07,98.91,2024-08-22,130.02,2024-09-06,102.83,1,1,1,2024-07-11,2024-08-22,2024-08-07,2024-09-06,205.0,235.0,224.0,245.0,30.0,-0.19099999999999967,-0.3724598119502578,0.3145283591143466,-0.27489637043777204,0.039631988676574685,0.23333333333333334,0.2111111111111111,0.12222222222222222,0.1111111111111111,55.59160197061343,37.08925342427044,1.0148455952799627,1.1981197451223444,0.08764258118504276,-0.13438021653944887,-0.13304687431581164,0.05493128098932717,0.20479057091630004,-0.11930136526306734,0.19268851614598734,0.7722466573796659,0.9998558724346323,0.0793008135794184,0.8436749343269798,0.9657963677600102,0.004656028311601565,0.8120205515246524,0.008131836279932969,-0.09161008094751366,0.8084176928637173,0.7,0.9618788291354663,0.9577900552486188,0.9233237990395006,0.8704283714028168,0.07667620096049946,0.6545816191256856,0.6896551724137931,0.840052155623017,0.04220994475138118,0.5297673849826265,0.005916095666304983,-0.5442507465922357,0.25,0.5,1.0,0.8414736094518062,0.9805357588255541,0.46886598407414826,0.2713812154696133,0.8704283714028168,1.3091632382513712,0.5,0.2713812154696133,0.3145283591143465,0.20912167358867875,1.0
ORCL,2025-04-02,145.86,2025-04-07,118.86,2025-04-09,139.69,2025-04-21,122.82,1,1,1,2025-04-02,2025-04-09,2025-04-07,2025-04-21,205.0,210.0,208.0,217.0,5.0,-1.234000000000003,-0.22715800100959127,0.17524819114925116,-0.1419316843345111,0.03331650681473998,0.1,0.03333333333333333,0.022222222222222223,0.07777777777777778,44.70645568647543,33.99506893071502,1.4709895307318135,1.0341218160444323,-0.03177954635097402,-0.10240553162287525,-0.1925778731176957,0.6951378579746506,0.3355519969076064,0.04013322596473112,0.8509185808101238,0.8718121456836463,1.0,0.10760879555262612,1.5602819671668402,1.0302642211201347,-0.05137126287970223,0.7522251796812405,-0.10465283250486479,0.030264221120134716,0.7935248037876872,0.5555555555555556,0.9677576941866146,0.9576991635815164,0.9958068450846044,0.7896483991224924,0.004193154915395678,0.5729378874334228,0.6,0.8063901889123032,0.04230083641848359,-0.24702813000434937,-0.0014374656782271818,-0.5023166410919886,0.0,0.0,1.0,0.45009238154412917,-4.375113391208996,0.38269004252701055,0.18510900863842047,0.7896483991224924,1.1458757748668456,0.8,0.18510900863842047,0.17524819114925122,0.12076741355859406,1.0
PLTR,2025-02-21,107.68,2025-03-11,75.79,2025-03-25,97.22,2025-04-07,66.65,1,1,1,2025-02-21,2025-03-25,2025-03-11,2025-04-07,204.0,226.0,216.0,235.0,22.0,-0.4754545454545458,-0.47846961740435123,0.3215303825956488,-0.45866466616654145,0.12059638474732814,0.2111111111111111,0.13333333333333333,0.1111111111111111,0.1,57.41549993070467,41.21079628354609,0.7214543887497382,1.621973830272422,0.12523321596244608,-0.09314385947219606,-0.15246674683239236,0.0024201938948888112,0.21518096123914576,0.059539084942740406,0.021736832954047693,0.5514935220596602,0.7292005445435057,0.1659227269279992,1.1318546344084437,1.1262342095481332,-0.008118165010523688,0.7930900411099477,0.2679408496310871,0.12623420954813325,0.7111630285628381,0.7634408602150538,0.8794036152526719,0.9028603268945021,0.9506598158627229,0.9700519235908369,0.049340184137277164,0.4630797361270853,0.8571428571428572,0.8251737787795478,0.09713967310549787,0.3830385189734241,0.01031864604941598,-0.7526972358181161,1.0,0.25,1.0,0.8771736881288998,3.353228482709248,0.4920475679055284,0.38103640416047546,0.9700519235908369,0.9261594722541706,0.725,0.2961552748885587,0.2827549808681883,0.31444147294795305,0.0
PTON,2024-02-12,4.81,2024-02-23,4.26,2024-02-29,4.74,2024-03-05,4.26,0,0,0,2024-02-12,2024-02-29,2024-02-23,2024-03-05,206.0,218.0,214.0,221.0,12.0,-0.005833333333333283,-0.12910798122065725,0.11267605633802824,-0.11267605633802824,0.0,0.07777777777777778,0.08888888888888889,0.044444444444444446,0.03333333333333333,43.64874397176039,39.23555729909911,0.6552774972665695,0.8498584585155265,0.013793877140277244,-0.052385666530628594,-0.19189615923156755,0.024807883579256052,-0.42515460205636746,0.10863211332452427,0.7505602994130585,0.8072101321066135,0.9999999999999996,0.1463249752480286,0.6234136821722274,0.5738651272252928,-0.009229145756876233,0.8673665273545409,-0.42034887451503156,-0.4261348727747072,0.557328860567422,0.6222222222222222,1.0,0.9854469854469856,0.9638921409661484,0.9393384596606864,0.03610785903385156,0.5225897064309454,0.5454545454545454,0.8347067045997264,0.014553014553014387,0.0722994380567973,0.00034857932672092165,-0.7361905682689612,0.625,0.2,0.0,0.0,-34.551557447280544,0.3679092261768506,0.11434511434511432,0.9393384596606864,1.0451794128618908,0.875,0.11434511434511432,0.11267605633802827,0.10126582278481021,1.0
RBLX,2025-03-03,64.4,2025-03-11,53.46,2025-03-25,62.01,2025-04-07,50.51,1,1,1,2025-03-03,2025-03-25,2025-03-11,2025-04-07,204.0,220.0,210.0,229.0,16.0,-0.14937500000000048,-0.21659077410413796,0.16927341120570172,-0.22767768758661644,0.05518144407033301,0.2111111111111111,0.06666666666666667,0.1111111111111111,0.1,55.24037758391176,34.82545734252433,0.5011635058619137,0.912285611266878,0.05219395776390767,-0.0948565707347152,-0.15459638765456607,0.08934447743112917,0.2757384420475968,0.07422005638533924,0.49885083597436103,0.7782096660841324,0.9999999985053404,0.08013909841334756,0.9812546331986595,0.7716606325770877,-0.00825572051803995,0.724185291050466,-0.04317053624243283,-0.22833936742291228,0.5718341255870697,0.8533333333333334,0.944818555929667,0.9628881987577639,0.9664621045265275,0.9561585167584763,0.03353789547347251,0.4500964709194592,0.8,0.8594250799324057,0.03711180124223612,0.32949788645409306,0.004531718604461888,-0.6820675765008707,1.0,0.36363636363636365,0.0,0.0,-1.0123842313747047,0.397995619679926,0.2156832298136647,0.9561585167584763,0.9001929418389184,0.875,0.16987577639751558,0.15993265993265987,0.18545395903886472,1.0
RDDT,2025-03-25,125.43,2025-04-07,81.01,2025-05-01,125.64,2025-05-23,95.83,1,1,1,2025-03-25,2025-05-01,2025-04-07,2025-05-23,205.0,231.0,214.0,247.0,26.0,0.008076923076922836,-0.5483273669917295,0.5509196395506726,-0.36797926181952834,0.18294037773114422,0.36666666666666664,0.1,0.18888888888888888,0.17777777777777778,54.59547015840713,42.98968946004271,1.930073528470814,0.6367694147020332,0.14329987425682011,-0.09446711450958678,-0.07320364824659309,0.18453554891331075,-0.30892801633323375,0.15165109462737325,0.3645881382302451,0.763246795920202,0.9999976367531695,0.15994002710636143,0.8205521735131612,1.3485766350829036,0.010500418470424997,0.62395273559438,0.17800054185857483,0.059756822253922204,0.730717994004537,0.8253968253968255,0.84535114264844,1.0016742406122936,0.9099928706024976,0.8023754213399916,0.09000712939750241,0.9315406850130852,0.72,0.864002784345061,0.0,0.18309773783249686,0.005412252012014853,-0.7738434312097004,0.0,0.0,0.0,0.0,-4.825142133071432,0.5440747016146102,0.35522126711238455,0.8023754213399916,1.8630813700261704,0.44999999999999996,0.35414175237184087,0.5509196395506727,0.23726520216491565,0.0
RKLB,2025-05-28,29.91,2025-06-02,26.5,2025-06-09,30.0,2025-06-13,25.41,1,1,1,2025-05-28,2025-06-09,2025-06-02,2025-06-13,205.0,213.0,208.0,217.0,8.0,0.011249999999999982,-0.1341991341991342,0.13774104683195598,-0.18063754427390788,0.04113207547169811,0.1,0.03333333333333333,0.05555555555555555,0.044444444444444446,68.52471593647435,48.47502198293555,2.7186779960906398,0.726786572771988,0.13283263375286425,-0.053966014923945926,0.09213754811666752,0.15310421320017292,0.03410256042794768,-0.03657362675238163,0.803070473050649,0.8718027423351211,1.0,0.15880477283917036,1.55744028727686,1.677501872690398,0.03435992149534232,0.5548359413825695,0.7366945694558737,0.050403655586929164,0.7867345508354573,0.888888888888889,0.9588679245283019,1.0030090270812437,0.9714969102857623,0.8539698956829442,0.028503089714237664,0.4946485836859903,0.8571428571428572,0.8626617583866342,0.0,0.5652173734990443,-0.0020481128291169304,-0.6918733452054626,0.625,0.0,0.0,0.0,5.058041784918175,0.3686111005689924,0.153,0.8539698956829442,0.9892971673719806,0.8,0.11400869274490137,0.1320754716981132,0.153,1.0
SNOW,2023-09-11,170.17,2023-09-28,145.52,2023-10-11,163.92,2023-10-26,140.84,1,1,1,2023-09-11,2023-10-11,2023-09-28,2023-10-26,204.0,226.0,217.0,237.0,22.0,-0.2840909090909091,-0.17502130076682731,0.13064470320931543,-0.16387389946038056,0.03216052776250692,0.2222222222222222,0.14444444444444443,0.1,0.12222222222222222,60.14118777452591,34.836581617910284,0.5833327963606137,1.3951170467489598,0.05416498318645946,-0.08524369356006145,-0.09134665607498937,0.0029277423890232373,-0.20232346299382664,-0.10322317626110544,0.035426952654326715,0.6096936107080786,0.8753636588947447,0.04258808038631606,0.7464487925722231,0.6299286727191264,-0.0066386721318547875,0.8188889848453158,-0.30976524743237066,-0.37007132728087355,0.7561836920927486,0.696969696969697,0.9678394722374931,0.9632720220955515,0.9675434515606144,0.9858054407498975,0.03245654843938559,0.44264187100936675,0.9166666666666666,0.8375067671073559,0.03672797790444848,0.10879329240165281,0.0010559478973510522,-0.5119578205225438,0.0,0.0,0.0,0.0,-2.555539971751286,0.3766480168671344,0.1723570547099958,0.9858054407498975,0.8852837420187335,0.675,0.14485514485514472,0.12644310060472772,0.14080039043435813,1.0
SPOT,2025-02-13,648.32,2025-03-10,489.24,2025-03-25,615.88,2025-04-07,477.51,1,1,1,2025-02-13,2025-03-25,2025-03-10,2025-04-07,205.0,232.0,221.0,241.0,27.0,-1.2014814814814836,-0.3331448556051184,0.26520910556846977,-0.28977403614583985,0.02397596271768461,0.2222222222222222,0.17777777777777778,0.12222222222222222,0.1,59.396415968078884,40.03025445263853,0.5546439178292251,1.439314552272597,0.07458010711533625,-0.08072225262166155,-0.10682112615916028,0.10128969992383818,0.6314916924381566,-0.08529886811755294,0.09499594355696882,0.7007122083016272,0.9886866050506177,0.09534799892870041,1.5179009888706818,1.3573632872067116,0.009421021608940504,0.6639100064391995,0.5276923421537358,0.32211167874489033,0.7233514774963303,0.7407407407407407,0.9760240372823153,0.9499629812438302,0.9375655964972865,0.955956661145533,0.06243440350271345,0.5506952272688083,0.72,0.8525433398551998,0.05003701875616984,0.4736909826286305,0.0047926151453915496,-0.4923245499621114,1.0,0.15,1.0,0.8471580101710288,3.380452530704287,0.46438335659392227,0.2634655725567622,0.955956661145533,1.1013904545376165,0.6,0.24537265547877596,0.2588504619409696,0.2246703903357797,1.0
TJX,2024-12-11,127.31,2025-01-15,119.11,2025-02-14,126.55,2025-03-13,112.81,1,1,1,2024-12-11,2025-02-14,2025-01-15,2025-03-13,207.0,250.0,229.0,268.0,43.0,-0.01767441860465128,-0.0726885914369293,0.06595160003545786,-0.12179771296870845,0.05289228444295187,0.43333333333333335,0.24444444444444444,0.23333333333333334,0.2,53.18918538594192,26.266613681736786,1.0170165751216727,1.1129798646175924,0.0024603752302749804,-0.07112508670913764,-0.07551542400175837,0.00045118778537307704,0.3635908409188695,0.00046641055999119274,0.02105962231658204,0.5656855752884574,0.73541808763656,0.021601893753873398,0.8410357631988745,1.1240240040552216,0.0006842684364988801,0.7641519386622065,0.13671494668774575,0.02714318631644197,0.8086671636849986,0.7923497267759563,0.9471077155570481,0.9940303196920901,0.9863318222614043,0.7446923865930257,0.013668177738595692,0.3610940188329991,0.9,0.8076977906237081,0.005969680307909897,0.2587346089985745,0.0008586160149273607,-0.42822388480833196,1.0,0.25925925925925924,1.0,0.5418479463391681,5.560148849833859,0.2734650453549187,0.11389521640091116,0.7446923865930257,0.7221880376659982,0.0,0.06440970858534288,0.062463269246914595,0.10857368629000391,1.0
TSLA,2023-02-28,210.59,2023-03-13,167.46,2025-03-31,207.46,2025-04-27,152.64,1,1,1,2023-02-28,2025-03-31,2023-03-13,2025-04-28,205.0,728.0,214.0,747.0,523.0,-0.00598470363288718,-0.2825602725366876,0.2620545073375262,-0.3591457023060798,0.08849874596918679,5.9222222222222225,0.1,5.711111111111111,0.2111111111111111,43.914349094537314,58.37400850729763,1.0294890220930188,1.0632449826686046,0.018846865282150738,0.12438743565172095,0.06198820951248818,1.4323412873028456,0.023902799263281427,0.1315293584537236,0.7036798759202487,0.8600612566028564,0.9999999999999549,0.18046553278227337,0.5537322654040534,0.7366533898578278,-0.00040505703911319934,0.846800859352727,-0.326558109497913,-0.2633466101421722,0.916995522755141,0.4022140221402214,0.9115012540308132,0.9851369960586923,0.7178737002020572,0.8732794849279337,0.2821262997979428,0.5092493145037881,0.6428571428571428,0.6951658629010201,0.014863003941307684,0.6727675913353626,-0.005526754284433128,0.24787867300850408,0.0,0.0,0.0,0.0,2.8167492126668345,0.4447578042615494,0.27517925827437206,0.8732794849279337,1.0184986290075762,0.0,0.2048055463222375,0.2388630120625821,0.2642437096307723,1.0
TSM,2024-10-18,205.95,2024-10-31,190.54,2024-11-08,203.89,2024-11-27,181.19,0,0,0,2024-10-18,2024-11-08,2024-10-31,2024-11-27,205.0,220.0,214.0,233.0,15.0,-0.13733333333333347,-0.08504884375517419,0.07367956288978417,-0.12528285225453928,0.04907106119449982,0.2111111111111111,0.1,0.06666666666666667,0.14444444444444443,59.39335042458232,39.84285136989648,0.7709415121968285,0.7898574613480547,0.024278190717605064,-0.04895877146926264,-0.04063242294689895,0.24572786195049687,-0.1901793410882725,-0.12596745916986196,0.4478967289391437,0.8106497666208461,0.9999999999108923,0.0650929784462402,0.9946183830898113,0.8855348565269281,-0.011174170258555131,0.8015776930309443,-0.11813778111289452,-0.1144651434730719,0.6840529590452684,0.6190476190476191,0.9509289388055002,0.9899975722262685,0.9840261756659464,0.803873844396692,0.015973824334053578,0.37636754396044647,0.8181818181818181,0.7845845106809562,0.010002427773731504,0.5697236317194121,0.00160633070540567,-0.5708122018525918,1.0,0.3333333333333333,1.0,0.4445807589689748,3.9587220173920397,0.29198025221356433,0.12022335518329688,0.803873844396692,0.7527350879208929,0.8,0.0748239864044671,0.07006402855043557,0.11133454313600466,1.0
TT,2024-06-18,345.38,2024-07-01,321.36,2024-07-16,346.32,2025-07-25,322.22,0,0,0,2024-06-18,2024-07-16,2024-07-01,2025-07-25,206.0,224.0,214.0,481.0,18.0,0.052222222222222094,-0.07474483445357216,0.07766990291262132,-0.07499377645008698,0.0026761264625342718,2.966666666666667,0.08888888888888889,0.1111111111111111,2.8555555555555556,62.486475294373136,75.74178696363154,0.9378101455150337,0.98663298078749,0.032288800630837056,0.06871717007152633,0.09125836882931582,0.5165555152825533,-0.09005150875645074,-0.10109061896265559,0.5724459242554985,0.8507600899866423,0.9999999999999865,0.0424099500896231,1.0226289691485282,1.201015137996265,0.0007166332530390207,0.6542759168458265,0.032303551020346655,0.20101513799626503,0.8192536611748565,0.08727272727272728,0.9973310160759729,1.0027216399328276,0.9787914049854533,0.9996964595755374,0.021208595014546788,0.5582324813597068,0.060377358490566024,0.7451744918601886,0.0,1.8699815745379318,0.0028259454737944935,0.27513450508295634,0.0,0.0,0.0,0.0,-0.07160163215635622,0.3506763551744092,0.07207207207207202,0.9996964595755374,1.1164649627194136,0.0,0.06954658636863739,0.0776699029126213,0.06958881958881949,1.0
V,2025-06-13,361.51,2025-06-23,337.5,2025-07-07,358.92,2025-07-15,347.02,1,0,0,2025-06-13,2025-07-07,2025-06-23,2025-07-15,205.0,219.0,210.0,225.0,14.0,-0.18499999999999822,-0.07114074074074073,0.06346666666666678,-0.035259259259259323,0.028207407407407355,0.16666666666666666,0.05555555555555555,0.1,0.06666666666666667,51.87095429627309,43.350949180451764,0.6691419797382038,0.6382294439874303,0.0027935450124287886,-0.011540387612206437,-0.02703356712927507,0.04773586056736116,-0.24557158430720016,-0.08419331363511529,0.15751131589778755,0.7338566278648767,0.9991096421276077,0.03374990324273291,1.2152856065773885,1.1179611326812704,-0.061942125658780954,0.6000813245718232,0.1505642719515552,0.1179611326812704,0.8674610651490904,0.9333333333333333,0.9725664226845715,0.9928356062072973,0.9870109116483651,0.6659581225734339,0.012989088351634877,0.6374018382774838,0.9090909090909091,0.8720649943775385,0.007164393792702728,0.595874104293378,0.00102812165194759,-0.6651462728045846,1.0,0.10344827586206896,1.0,0.47403752916012554,2.449229311890568,0.2889953558714138,0.06641586678100188,0.6659581225734339,1.2748036765549675,1.0,0.06641586678100188,0.06346666666666671,0.033155020617407875,1.0
VC,2025-02-20,90.68,2025-03-04,81.61,2025-03-07,87.68,2025-03-20,79.95,1,0,0,2025-02-20,2025-03-07,2025-03-04,2025-03-20,204.0,215.0,212.0,224.0,11.0,-0.2727272727272727,-0.11344590368980634,0.07592245153220767,-0.09668542839274541,0.020340644528856717,0.13333333333333333,0.08888888888888889,0.03333333333333333,0.1,54.83830610031636,43.54358830113347,0.9107204891266588,1.1401272957660322,0.02496961099933781,-0.03293490102708119,-0.029183644294304645,0.005472193209275051,0.08630539397622217,0.01563826471266494,0.10721961922940877,0.7003792600426716,0.9893777119117904,0.03337862669383436,1.1500832720089855,1.0894612494674465,0.01082742347702261,0.8244589035309615,0.13358379487973981,0.013654888088444839,0.7285066630572705,0.5333333333333334,0.9796593554711432,0.9669166299073666,0.9773707131070846,0.9369734543320674,0.022629286892915462,0.39524251280648587,0.9411764705882353,0.7957565788820067,0.0330833700926334,0.1370968090508568,-0.0012464856806841246,-0.32258995916506994,0.75,0.0,1.0,0.6415679039505887,-0.7852558010710261,0.32035112014030226,0.11832818703131896,0.9369734543320674,0.7904850256129717,1.0,0.10002205558006183,0.07437813993383173,0.088161496350365,1.0
W,2024-07-16,57.23,2024-08-12,38.21,2024-10-9,57.12,2024-11-12,37.59,1,0,0,2024-07-16,2024-10-09,2024-08-12,2024-11-12,205.0,265.0,224.0,289.0,60.0,-0.0018333333333333238,-0.5059856344772544,0.5030593242883743,-0.519553072625698,0.01622611881706353,0.7222222222222222,0.2111111111111111,0.45555555555555555,0.26666666666666666,57.42692825534929,34.92091455634284,0.7412898276271899,1.2834422032528783,0.031173697186703597,-0.1155917777402582,-0.19001637427188434,5.927789935178764e-09,-0.029846717731802364,0.0403328469992188,7.274850713931217e-06,0.2010911384803056,0.016137006044697588,0.12006154732526696,1.220817012803601,1.7147039239141324,0.0065587921666376845,0.5851638165964084,1.2834795692081657,0.4833017094571104,0.8727781766039991,0.9523809523809523,0.9837738811829365,0.9980779311549887,0.8865621129911906,0.9858086497208892,0.11343788700880943,0.7339903552224988,0.8837209302325582,0.9160300397612305,0.0019220688450113377,-0.34552070909073124,0.00011979557205369814,-0.07179997039858854,0.0,0.0,0.0,0.0,-29.539188895204727,0.5730636005433197,0.3431766556002096,0.9858086497208892,1.4679807104449976,0.0,0.33234317665560015,0.4948966239204396,0.34191176470588225,1.0
WBD,2024-07-31,8.8,2024-08-13,6.67,2024-08-26,8.23,2024-09-11,6.94,1,1,0,2024-07-31,2024-08-26,2024-08-13,2024-09-11,205.0,223.0,214.0,234.0,18.0,-0.03166666666666668,-0.31934032983508254,0.23388305847076474,-0.1934032983508247,0.0404797601199401,0.2222222222222222,0.1,0.1,0.12222222222222222,58.78544864125417,38.287890243281346,0.9542425431160928,0.9510437328217723,0.07210311425134486,-0.07896481911568354,-0.09921602782453365,2.9332270964712917e-05,0.08728881420255163,0.00844312349178633,0.009797797237372636,0.46949314102934125,0.55020810854758,0.07140451720684615,1.199604814148901,1.111698712068396,-0.01777363653814153,0.7237693856773887,0.1374772196333125,0.1116987120683961,0.7981434439050841,0.7471264367816093,0.9610951008645533,0.9352272727272727,0.9559958344406888,0.7860978675225658,0.044004165559311165,0.5864831131846124,0.9,0.8345851682887092,0.06477272727272732,-0.04692077190559632,-0.0017233993226426958,-0.29923213231191637,0.125,0.0,0.0,0.0,4.151068806437019,0.4182455325622696,0.24204545454545462,0.7860978675225658,1.1729662263692249,0.775,0.24204545454545462,0.23388305847076468,0.15674362089914945,1.0
Z,2023-12-27,59.47,2024-01-17,51.44,2024-01-30,58.54,2024-02-13,53.0,1,0,0,2023-12-27,2024-01-30,2024-01-17,2024-02-13,207.0,229.0,220.0,239.0,22.0,-0.04227272727272726,-0.15610419906687412,0.13802488335925345,-0.10769828926905123,0.030326594090202223,0.2111111111111111,0.14444444444444443,0.1,0.1111111111111111,61.79812481446523,44.77360672400689,0.7215858883942713,1.5159435279355333,0.04713475915038634,-0.03346456529245745,-0.006142414821886599,0.17760480114915436,0.12765464014068795,0.059857063806788346,0.6418969833250217,0.8306769637457119,0.9999999999998423,0.12937799834330832,0.6006648155612602,0.7477819150688838,0.0034591874528185416,0.8192997904818936,-0.2507299820270994,-0.33016540658818994,0.7093931138096983,0.7083333333333333,0.970566037735849,0.9843618631242643,0.9636864376121739,0.8241333766915976,0.03631356238782611,0.6009908355741567,0.8695652173913043,0.8389984173435354,0.015638136875735675,0.7214120585706773,-0.0019110773116633826,-0.706401796993681,0.5,0.25,0.0,0.0,8.787214905227193,0.3608099724788786,0.13502606356145958,0.8241333766915976,1.2019816711483133,0.7,0.13502606356145958,0.13802488335925353,0.09463614622480354,1.0
ZD,2025-05-12,34.7,2025-05-23,30.0,2025-06-11,34.46,2025-07-01,30.0,1,0,0,2025-05-12,2025-06-11,2025-05-23,2025-07-01,206.0,227.0,215.0,240.0,21.0,-0.011428571428571524,-0.15666666666666673,0.14866666666666672,-0.14866666666666672,0.0,0.2777777777777778,0.1,0.13333333333333333,0.14444444444444443,56.60811944723415,49.553950518421146,0.9616858237547893,1.7619649000566129,0.04190401350575956,-0.007304760049197223,-0.0006285594889834378,6.341490203197306e-06,-0.14139792553895658,0.024268938418403385,0.0020660685559408237,0.3510734806949089,0.26892284827739066,0.038920827686715335,0.806657684691486,0.9530783295118191,0.005725197174175818,0.7897267171933865,0.20804840697129667,-0.08873955270005862,0.8119107897366881,0.803921568627451,1.0,0.9930835734870317,0.9707283916042357,0.9772672737146536,0.029271608395764266,0.5612771708701161,0.8181818181818181,0.8842480783142646,0.00691642651296831,0.023832221683008834,-0.005907931114616021,-0.8900115048300046,1.0,0.3076923076923077,1.0,0.89578347054197,-0.7563875847089492,0.393503513349148,0.1354466858789626,0.9772672737146536,1.1225543417402322,0.65,0.1354466858789626,0.1486666666666667,0.12942542077771332,1.0
ZS,2025-02-18,216.87,2025-03-04,187.15,2025-03-25,215.73,2025-04-07,166.88,1,1,1,2025-02-18,2025-03-25,2025-03-04,2025-04-07,204.0,229.0,214.0,238.0,25.0,-0.04560000000000059,-0.17809204218600194,0.17126078619367213,-0.29272531160115056,0.10830884317392471,0.26666666666666666,0.1111111111111111,0.16666666666666666,0.1,62.295856319113184,37.72745776831641,0.9768837425516629,2.3436842685661308,0.07977565249917817,-0.10167551625446059,-0.10744518497206834,0.003964858316768011,0.37512739511272275,0.011523260434437299,0.039008454942949085,0.5988163097359637,0.8706924988398682,0.04658309314079126,1.6299441805415606,1.9517169681557187,0.023989450873675124,0.5412306478727942,1.3955237805820793,0.1638422515059912,0.765117315218481,0.9215686274509803,0.8916911568260752,0.9947433946603955,0.9772286073489587,0.7540454259080883,0.022771392651041333,0.4201366628875395,0.9473684210526316,0.8276709798532987,0.005256605339604481,0.17595902994955048,0.001230717456457667,-0.35544347285064903,0.0,0.0,1.0,0.31898534539486745,4.616281524284385,0.3568739923421834,0.23050675519896716,0.7540454259080883,0.840273325775079,0.65,0.13704062341494905,0.15271172855997853,0.22644045797988224,1.0
